,,,,,,,Misc,Misc,,Approx Val,Approx Val,,Passing,Passing,Passing,Passing,Passing,Rushing,Rushing,Rushing,Receiving,Receiving,Receiving,,,,,
Rnd,Pick,Tm,Player,Pos,Age,To,AP1,PB,St,CarAV,DrAV,G,Cmp,Att,Yds,TD,Int,Att,Yds,TD,Rec,Yds,TD,Solo,Int,Sk,College/Univ,
1,1,KAN,Eric Fisher\FishEr00,T,22,2019,0,1,7,51,51,102,0,0,0,0,0,0,0,0,0,-5,0,,,,Central Michigan,
1,2,JAX,Luke Joeckel\JoecLu00,T,21,2017,0,0,3,22,17,50,0,0,0,0,0,0,0,0,0,0,0,1,,,Texas A&M,College Stats
1,3,MIA,Dion Jordan\JordDi00,DE,23,2019,0,0,0,7,3,50,0,0,0,0,0,0,0,0,0,0,0,71,,10.5,Oregon,College Stats
1,4,PHI,Lane Johnson\JohnLa01,T,23,2019,1,3,6,49,49,92,0,0,0,0,0,0,0,0,0,0,0,,,,Oklahoma,
1,5,DET,Ezekiel Ansah\AnsaEz00,DE,24,2019,0,1,5,39,37,91,0,0,0,0,0,0,0,0,0,0,0,174,,50.5,BYU,College Stats
1,6,CLE,Barkevious Mingo\MingBa00,LB,22,2019,0,0,2,23,10,110,0,0,0,0,0,0,0,0,0,0,0,156,1,10.0,LSU,College Stats
1,7,ARI,Jonathan Cooper\CoopJo01,G,23,2018,0,0,2,14,6,46,0,0,0,0,0,0,0,0,0,0,0,,,,North Carolina,College Stats
1,8,STL,Tavon Austin\AustTa00,WR,23,2019,0,0,4,25,22,96,0,1,0,0,0,196,1340,10,215,2006,15,1,,,West Virginia,College Stats
1,9,NYJ,Dee Milliner\MillDe00,DB,21,2015,0,0,1,6,6,21,0,0,0,0,0,0,0,0,0,0,0,50,3,,Alabama,College Stats
1,10,TEN,Chance Warmack\WarmCh00,G,21,2018,0,0,3,21,19,68,0,0,0,0,0,0,0,0,0,0,0,,,,Alabama,College Stats
1,11,SDG,D.J. Fluker\FlukDJ00,T,22,2019,0,0,6,38,29,92,0,0,0,0,0,0,0,0,0,0,0,,,,Alabama,
1,12,OAK,D.J. Hayden\HaydDJ00,DB,23,2019,0,0,2,15,9,86,0,0,0,0,0,0,0,0,0,0,0,267,4,4.5,Houston,College Stats
1,13,NYJ,Sheldon Richardson\RichSh00,DT,22,2019,0,1,6,55,33,105,0,0,0,0,0,4,4,2,0,0,0,238,1,26.5,Missouri,College Stats
1,14,CAR,Star Lotulelei\LotuSt00,DT,23,2019,0,0,6,44,28,108,0,0,0,0,0,0,0,0,0,0,0,105,1,13.5,Utah,College Stats
1,15,NOR,Kenny Vaccaro\VaccKe00,DB,22,2019,0,0,7,31,20,97,0,0,0,0,0,0,0,0,0,0,0,375,10,10.5,Texas,College Stats
1,16,BUF,EJ Manuel\ManuEJ00,QB,23,2017,0,0,1,10,10,30,343,590,3767,20,16,96,339,4,0,0,0,,,,Florida St.,College Stats
1,17,PIT,Jarvis Jones\JoneJa05,LB,23,2016,0,0,2,18,18,50,0,0,0,0,0,0,0,0,0,0,0,84,2,6.0,Georgia,College Stats
1,18,SFO,Eric Reid\ReidEr00,DB,21,2019,0,1,6,32,25,99,0,0,0,0,0,0,0,0,0,0,0,404,11,6.0,LSU,College Stats
1,19,NYG,Justin Pugh\PughJu00,T,23,2019,0,0,5,35,24,86,0,0,0,0,0,0,0,0,0,0,0,,,,Syracuse,College Stats
1,20,CHI,Kyle Long\LongKy00,G,24,2019,0,3,6,41,41,77,0,0,0,0,0,0,0,0,1,-1,0,,,,Oregon,
1,21,CIN,Tyler Eifert\EifeTy00,TE,22,2019,0,1,2,17,17,59,0,0,0,0,0,0,0,0,185,2152,24,,,,Notre Dame,College Stats
1,22,ATL,Desmond Trufant\TrufDe00,DB,22,2019,0,1,7,34,34,97,0,0,0,0,0,0,0,0,0,0,0,272,13,5.0,Washington,College Stats
1,23,MIN,Sharrif Floyd\FloySh00,DT,21,2016,0,0,2,13,13,44,0,0,0,0,0,0,0,0,0,0,0,57,,9.5,Florida,College Stats
1,24,IND,Bjoern Werner\WernBj00,DE,23,2015,0,0,1,10,10,38,0,0,0,0,0,0,0,0,0,0,0,58,,6.5,Florida St.,College Stats
1,25,MIN,Xavier Rhodes\RhodXa00,DB,23,2019,1,3,6,41,41,104,0,0,0,0,0,0,0,0,0,0,0,318,10,,Florida St.,College Stats
1,26,GNB,Datone Jones\JoneDa03,DE,23,2018,0,0,0,10,9,67,0,0,0,0,0,0,0,0,0,0,0,62,1,10.0,UCLA,College Stats
1,27,HOU,DeAndre Hopkins\HopkDe00,WR,21,2019,3,4,7,59,59,110,1,3,6,1,1,3,11,0,632,8602,54,,,,Clemson,College Stats
1,28,DEN,Sylvester Williams\WillSy00,DT,24,2019,0,0,4,29,22,94,0,0,0,0,0,0,0,0,0,0,0,89,,5.5,North Carolina,College Stats
1,29,MIN,Cordarrelle Patterson\PattCo00,WR,22,2019,3,3,1,26,18,111,0,0,0,0,0,103,785,7,195,1955,10,13,,,Tennessee,College Stats
1,30,STL,Alec Ogletree\OgleAl00,LB,21,2019,0,0,6,49,37,93,0,0,0,0,0,0,0,0,0,0,0,473,12,7.5,Georgia,College Stats
1,31,DAL,Travis Frederick\FredTr00,C,22,2019,1,5,6,54,54,96,0,0,0,0,0,0,0,0,0,0,0,,,,Wisconsin,College Stats
1,32,BAL,Matt Elam\ElamMa00,DB,22,2016,0,0,2,12,12,41,0,0,0,0,0,0,0,0,0,0,0,89,1,0.5,Florida,College Stats
2,33,JAX,Johnathan Cyprien\CyprJo00,DB,23,2019,0,0,5,24,21,75,0,0,0,0,0,0,0,0,0,0,0,380,2,3.0,Florida International,College Stats
2,34,TEN,Justin Hunter\HuntJu00,WR,22,2018,0,0,1,9,7,60,0,0,0,0,0,0,0,0,85,1349,13,,,,Tennessee,College Stats
2,35,PHI,Zach Ertz\ErtzZa00,TE,22,2019,0,3,4,40,40,106,0,0,0,0,0,0,0,0,525,5743,35,,,,Stanford,College Stats
2,36,DET,Darius Slay\SlayDa00,DB,22,2019,1,3,6,41,41,103,0,0,0,0,0,0,0,0,0,0,0,296,19,1.0,Mississippi St.,College Stats
2,37,CIN,Giovani Bernard\BernGi00,RB,21,2019,0,0,1,38,38,99,0,0,0,0,0,797,3281,19,295,2512,8,,,,North Carolina,College Stats
2,38,SDG,Manti Te'o\TeoxMa00,LB,22,2019,0,0,3,21,14,62,0,0,0,0,0,0,0,0,0,0,0,212,2,1.5,Notre Dame,College Stats
2,39,NYJ,Geno Smith\SmitGe00,QB,22,2018,0,0,2,15,15,40,523,906,6182,29,36,147,661,7,1,13,0,,,,West Virginia,College Stats
2,40,SFO,Tank Carradine\CarrCo00,DE,23,2019,0,0,0,7,7,46,0,0,0,0,0,0,0,0,0,0,0,56,,5.5,Florida St.,College Stats
2,41,BUF,Robert Woods\WoodRo02,WR,21,2019,0,0,7,45,16,100,0,0,0,0,0,42,306,2,435,5585,25,6,,,USC,College Stats
2,42,OAK,Menelik Watson\WatsMe00,T,24,2017,0,0,1,11,9,34,0,0,0,0,0,0,0,0,0,0,0,,,,Florida St.,
2,43,TAM,Johnthan Banks\BankJo00,DB,23,2017,0,0,2,12,12,57,0,0,0,0,0,0,0,0,0,0,0,121,7,,Mississippi St.,College Stats
2,44,CAR,Kawann Short\ShorKa00,DT,24,2019,0,2,4,40,40,96,0,0,0,0,0,0,0,0,0,0,0,164,,32.5,Purdue,College Stats
2,45,ARI,Kevin Minter\MintKe00,LB,22,2019,0,0,2,25,21,91,0,0,0,0,0,0,0,0,0,0,0,219,,6.0,LSU,College Stats
2,46,BUF,Kiko Alonso\AlonKi00,LB,23,2019,0,0,4,32,9,86,0,0,0,0,0,0,0,0,0,0,0,369,10,3.0,Oregon,College Stats
2,47,DAL,Gavin Escobar\EscoGa00,TE,22,2017,0,0,0,2,2,64,0,0,0,0,0,0,0,0,30,333,8,5,,,San Diego St.,College Stats
2,48,PIT,Le'Veon Bell\BellLe00,RB,21,2019,2,3,5,59,55,77,0,1,0,0,0,1474,6125,38,378,3121,8,,,,Michigan St.,College Stats
2,49,NYG,Johnathan Hankins\HankJo00,DT,21,2019,0,0,6,39,17,98,0,0,0,0,0,0,0,0,0,0,0,162,,13.5,Ohio St.,College Stats
2,50,CHI,Jonathan Bostic\BostJo00,LB,22,2019,0,0,5,25,6,86,0,0,0,0,0,0,0,0,0,0,0,264,2,6.5,Florida,College Stats
2,51,WAS,David Amerson\AmerDa00,DB,21,2018,0,0,4,21,7,74,0,0,0,0,0,0,0,0,0,0,0,234,9,,North Carolina St.,College Stats
2,52,NWE,Jamie Collins\CollJa00,LB,23,2019,0,1,6,55,41,96,0,0,0,0,0,0,0,0,0,0,0,380,10,24.5,Southern Miss,College Stats
2,53,CIN,Margus Hunt\HuntMa00,DE,26,2019,0,0,1,17,3,91,0,0,0,0,0,0,0,0,0,0,0,71,,7.5,SMU,College Stats
2,54,MIA,Jamar Taylor\TaylJa01,DB,22,2019,0,0,2,15,3,90,0,0,0,0,0,0,0,0,0,0,0,196,3,0.5,Boise St.,College Stats
2,55,SFO,Vance McDonald\McDoVa00,TE,23,2019,0,0,4,14,5,87,0,0,0,0,0,1,2,0,166,1937,15,6,,,Rice,College Stats
2,56,BAL,Arthur Brown\BrowAr00,LB,20,2016,0,0,0,3,2,48,0,0,0,0,0,0,0,0,0,0,0,16,,0.5,Kansas St.,College Stats
2,57,HOU,D.J. Swearinger\SweaDJ00,DB,22,2019,0,0,4,29,9,99,0,0,0,0,0,0,0,0,0,0,0,314,14,4.5,South Carolina,College Stats
2,58,DEN,Montee Ball\BallMo00,RB,22,2014,0,0,0,8,8,21,0,0,0,0,0,175,731,5,29,207,0,6,,,Wisconsin,College Stats
2,59,NWE,Aaron Dobson\DobsAa00,WR,22,2015,0,0,1,6,6,24,0,0,0,0,0,0,0,0,53,698,4,,,,Marshall,College Stats
2,60,ATL,Robert Alford\AlfoRo00,DB,24,2018,0,0,5,24,24,88,0,0,0,0,0,0,0,0,0,0,0,250,10,,SE Louisiana,
2,61,GNB,Eddie Lacy\LacyEd00,RB,23,2017,0,1,3,36,34,60,0,0,0,0,0,857,3614,23,107,947,6,,,,Alabama,College Stats
2,62,SEA,Christine Michael\MichCh00,RB,22,2018,0,0,0,9,8,38,0,0,0,0,0,256,1089,7,26,135,1,,,,Texas A&M,College Stats
3,63,KAN,Travis Kelce\KelcTr00,TE,23,2019,2,5,6,59,59,96,0,1,0,0,1,4,6,1,507,6465,37,,,,Cincinnati,College Stats
3,64,JAX,Dwayne Gratz\GratDw00,DB,23,2016,0,0,2,10,10,43,0,0,0,0,0,0,0,0,0,0,0,91,3,,Connecticut,College Stats
3,65,DET,Larry Warford\WarfLa00,G,22,2019,0,3,7,49,22,101,0,0,0,0,0,0,0,0,0,0,0,,,,Kentucky,
3,66,OAK,Sio Moore\MoorSi00,LB,23,2016,0,0,2,15,10,47,0,0,0,0,0,0,0,0,0,0,0,164,,7.5,Connecticut,College Stats
3,67,PHI,Bennie Logan\LogaBe00,DT,23,2018,0,0,5,32,21,89,0,0,0,0,0,0,0,0,0,0,0,161,,7.0,LSU,College Stats
3,68,CLE,Leon McFadden\McFaLe00,DB,22,2016,0,0,0,2,1,34,0,0,0,0,0,0,0,0,0,0,0,25,,,San Diego St.,College Stats
3,69,ARI,Tyrann Mathieu\MathTy00,DB,21,2019,2,1,6,39,23,98,0,0,0,0,0,0,0,0,0,0,0,416,17,9.0,LSU,
3,70,TEN,Blidi Wreh-Wilson\WrehBl00,DB,23,2019,0,0,1,8,6,60,0,0,0,0,0,0,0,0,0,0,0,103,1,,Connecticut,College Stats
3,71,STL,T.J. McDonald\McDoTJ00,DB,22,2018,0,0,6,25,20,75,0,0,0,0,0,0,0,0,0,0,0,312,8,5.0,USC,College Stats
3,72,NYJ,Brian Winters\WintBr00,G,22,2019,0,0,6,26,26,89,0,0,0,0,0,0,0,0,0,0,0,,,,Kent St.,
3,73,TAM,Mike Glennon\GlenMi00,QB,23,2019,0,0,1,13,11,29,488,801,5163,36,20,43,90,0,0,0,0,,,,North Carolina St.,College Stats
3,74,DAL,Terrance Williams\WillTe01,WR,23,2018,0,0,4,28,28,83,0,0,0,0,0,5,19,0,232,3377,20,,,,Baylor,College Stats
3,75,NOR,Terron Armstead\ArmsTe00,T,22,2019,0,2,5,44,44,75,0,0,0,0,0,0,0,0,0,0,0,,,,Ark-Pine Bluff,
3,76,SDG,Keenan Allen\AlleKe00,WR,21,2019,0,3,6,50,50,86,0,0,0,0,0,14,100,0,524,6405,34,2,1,,California,College Stats
3,77,MIA,Dallas Thomas\ThomDa04,T,23,2016,0,0,1,12,12,37,0,0,0,0,0,0,0,0,0,0,0,,,,Tennessee,
3,78,BUF,Marquise Goodwin\GoodMa00,WR,22,2019,0,0,3,18,6,75,0,0,0,0,0,15,89,0,140,2323,13,,,,Texas,College Stats
3,79,PIT,Markus Wheaton\WheaMa00,WR,22,2018,0,0,2,13,13,59,0,0,0,0,0,4,19,0,110,1559,8,6,,,Oregon St.,College Stats
3,80,DAL,J.J. Wilcox\WilcJ.00,DB,22,2018,0,0,2,16,15,77,0,0,0,0,0,0,0,0,0,0,0,173,6,,Georgia Southern,
3,81,NYG,Damontre Moore\MoorDa01,DE,20,2019,0,0,0,4,4,56,0,0,0,0,0,0,0,0,0,0,0,63,,10.0,Texas A&M,College Stats
3,82,NOR,John Jenkins\JenkJo00,DT,24,2019,0,0,1,14,10,82,0,0,0,0,0,0,0,0,0,0,0,87,,2.5,Georgia,College Stats
3,83,NWE,Logan Ryan\RyanLo00,DB,22,2019,0,0,5,31,15,109,0,0,0,0,0,0,0,0,0,0,0,367,17,11.0,Rutgers,College Stats
3,84,CIN,Shawn Williams\WillSh02,DB,22,2019,0,0,4,23,23,106,0,0,0,0,0,0,0,0,0,0,0,293,12,3.0,Georgia,College Stats
3,85,WAS,Jordan Reed\ReedJo02,TE,23,2018,0,1,1,24,24,65,0,0,0,0,0,1,18,0,329,3371,24,,,,Florida,College Stats
3,86,IND,Hugh Thornton\ThorHu00,G,22,2015,0,0,3,16,16,37,0,0,0,0,0,0,0,0,0,0,0,,,,Illinois,College Stats
3,87,SEA,Jordan Hill\HillJo01,DT,22,2016,0,0,0,6,6,31,0,0,0,0,0,0,0,0,0,0,0,31,1,7.0,Penn St.,College Stats
3,88,SFO,Corey Lemonier\LemoCo00,DE,21,2016,0,0,0,4,3,51,0,0,0,0,0,0,0,0,0,0,0,35,,3.0,Auburn,College Stats
3,89,HOU,Brennan Williams\WillBr03,OL,22,,0,0,0,,,,,,,,,,,,,,,,,,North Carolina,College Stats
3,90,DEN,Kayvon Webster\WebsKa00,DB,22,2019,0,0,1,9,4,69,0,0,0,0,0,0,0,0,0,0,0,118,2,,South Florida,College Stats
3,91,NWE,Duron Harmon\HarmDu00,DB,22,2019,0,0,1,17,17,111,0,0,0,0,0,0,0,0,0,0,0,137,17,,Rutgers,College Stats
3,92,STL,Stedman Bailey\BailSt01,WR,22,2015,0,0,0,7,7,38,0,0,0,0,0,3,46,1,59,843,2,9,,,West Virginia,College Stats
3,93,MIA,Will Davis\DaviWi02,DB,23,2016,0,0,0,0,0,20,0,0,0,0,0,0,0,0,0,0,0,26,1,,Utah St.,College Stats
3,94,BAL,Brandon Williams\WillBr02,DT,24,2019,0,1,6,44,44,97,0,0,0,0,0,0,0,0,0,0,0,149,,6.5,Missouri Southern,
3,95,HOU,Sam Montgomery\MontSa00,DE,23,2014,0,0,0,0,,0,0,0,0,0,0,0,0,0,0,0,0,,,,LSU,College Stats
3,96,KAN,Knile Davis\DaviKn00,RB,21,2016,0,0,0,10,10,57,0,0,0,0,0,250,805,11,34,271,1,1,,,Arkansas,College Stats
3,97,TEN,Zaviar Gooden\GoodZa00,LB,23,2016,0,0,0,3,3,32,0,0,0,0,0,0,0,0,0,0,0,30,,,Missouri,College Stats
4,98,PHI,Matt Barkley\BarkMa00,QB,22,2019,0,0,0,4,1,14,201,342,2502,10,21,17,-6,0,1,2,1,,,,USC,College Stats
4,99,KAN,Nico Johnson\JohnNi00,LB,23,2015,0,0,0,3,1,18,0,0,0,0,0,0,0,0,0,0,0,13,,,Alabama,College Stats
4,100,TAM,Akeem Spence\SpenAk00,DT,21,2019,0,0,3,25,12,103,0,0,0,0,0,0,0,0,0,0,0,120,,10.5,Illinois,College Stats
4,101,JAX,Ace Sanders\SandAc00,WR,21,2014,0,0,0,3,3,27,1,1,21,1,0,2,4,0,57,539,1,1,,,South Carolina,College Stats
4,102,NWE,Josh Boyce\BoycJo00,WR,22,2014,0,0,0,1,1,10,0,0,0,0,0,0,0,0,9,121,0,,,,TCU,College Stats
4,103,ARI,Alex Okafor\OkafAl00,DE,22,2019,0,0,5,29,14,78,0,0,0,0,0,0,0,0,0,0,0,131,1,27.0,Texas,College Stats
4,104,MIA,Jelani Jenkins\JenkJe00,LB,21,2017,0,0,2,16,15,60,0,0,0,0,0,0,0,0,0,0,0,172,,3.5,Florida,College Stats
4,105,BUF,Duke Williams\WillDu00,DB,22,2016,0,0,0,8,8,58,0,0,0,0,0,0,0,0,0,0,0,73,1,1.0,Nevada,College Stats
4,106,MIA,Dion Sims\SimsDi00,TE,22,2018,0,0,2,7,6,78,0,0,0,0,0,0,0,0,91,888,9,,,,Michigan St.,College Stats
4,107,TEN,Brian Schwenke\SchwBr00,C,22,2018,0,0,2,14,14,60,0,0,0,0,0,0,0,0,1,6,0,,,,California,College Stats
4,108,CAR,Edmund Kugbila\KugbEd00,OL,22,2014,0,0,0,0,0,0,0,0,0,0,0,0,0,0,0,0,0,,,,Valdosta St.,
4,109,GNB,David Bakhtiari\BakhDa00,T,21,2019,1,2,7,72,72,106,0,0,0,0,0,0,0,0,0,0,0,1,,,Colorado,
4,110,NYG,Ryan Nassib\NassRy00,QB,23,2015,0,0,0,0,0,5,9,10,128,1,0,2,-3,0,0,0,0,,,,Syracuse,College Stats
4,111,PIT,Shamarko Thomas\ThomSh00,DB,22,2018,0,0,0,5,4,66,0,0,0,0,0,0,0,0,0,0,0,57,,,Syracuse,College Stats
4,112,OAK,Tyler Wilson\WilsTy00,QB,24,,0,0,0,,,,,,,,,,,,,,,,,,Arkansas,College Stats
4,113,STL,Barrett Jones\JoneBa00,G,23,2014,0,0,0,1,1,10,0,0,0,0,0,0,0,0,0,0,0,,,,Alabama,College Stats
4,114,DAL,B.W. Webb\WebbBW00,DB,23,2019,0,0,2,13,1,80,0,0,0,0,0,0,0,0,0,0,0,142,4,1.0,William & Mary,
4,115,PIT,Landry Jones\JoneLa02,QB,24,2017,0,0,0,4,4,19,108,169,1310,8,7,19,-19,0,0,0,0,,,,Oklahoma,College Stats
4,116,ARI,Earl Watford\WatfEa00,G,23,2019,0,0,2,14,11,70,0,0,0,0,0,0,0,0,0,0,0,1,,,James Madison,
4,117,CHI,Khaseem Greene\GreeKh00,LB,24,2014,0,0,0,3,3,25,0,0,0,0,0,0,0,0,0,0,0,33,1,,Rutgers,College Stats
4,118,CIN,Sean Porter\PortSe00,LB,22,2016,0,0,0,0,0,3,0,0,0,0,0,0,0,0,0,0,0,,,,Texas A&M,College Stats
4,119,WAS,Phillip Thomas\ThomPh00,DB,24,2014,0,0,0,2,2,8,0,0,0,0,0,0,0,0,0,0,0,19,,,Fresno St.,College Stats
4,120,MIN,Gerald Hodges\HodgGe00,LB,22,2018,0,0,1,18,7,81,0,0,0,0,0,0,0,0,0,0,0,210,3,3.5,Penn St.,College Stats
4,121,IND,Khaled Holmes\HolmKh00,C,23,2015,0,0,0,4,4,17,0,0,0,0,0,0,0,0,0,0,0,,,,USC,
4,122,GNB,J.C. Tretter\TretJC00,T,22,2019,0,0,3,25,6,79,0,0,0,0,0,0,0,0,0,0,0,,,,Cornell,
4,123,SEA,Chris Harper\HarpCh00,WR,23,2014,0,0,0,0,,4,0,0,0,0,0,0,0,0,0,0,0,1,,,Kansas St.,College Stats
4,124,HOU,Trevardo Williams\WillTr02,DE,22,2014,0,0,0,0,,3,0,0,0,0,0,0,0,0,0,0,0,5,,1.0,Connecticut,College Stats
4,125,GNB,Johnathan Franklin\FranJo01,RB,23,2013,0,0,0,1,1,11,0,0,0,0,0,19,107,1,4,30,0,3,,,UCLA,College Stats
4,126,TAM,William Gholston\GholWi00,DE,22,2019,0,0,4,25,25,103,0,0,0,0,0,0,0,0,0,0,0,180,,12.0,Michigan St.,College Stats
4,127,ATL,Malliciah Goodman\GoodMa01,DE,23,2016,0,0,1,5,5,37,0,0,0,0,0,0,0,0,0,0,0,12,,,Clemson,College Stats
4,128,SFO,Quinton Patton\PattQu00,WR,23,2016,0,0,1,7,7,40,0,0,0,0,0,3,51,0,73,880,1,2,,,Louisiana Tech,College Stats
4,129,BAL,John Simon\SimoJo01,DE,22,2019,0,0,2,25,1,81,0,0,0,0,0,0,0,0,0,0,0,146,2,19.0,Ohio St.,College Stats
4,130,BAL,Kyle Juszczyk\JuszKy00,RB,22,2019,0,4,5,13,5,106,0,0,0,0,0,25,93,1,180,1647,8,12,,,Harvard,
4,131,SFO,Marcus Lattimore\LattMa00,RB,21,2014,0,0,0,0,0,0,0,0,0,0,0,0,0,0,0,0,0,,,,South Carolina,College Stats
4,132,DET,Devin Taylor\TaylDe00,DE,23,2017,0,0,1,12,12,63,0,0,0,0,0,0,0,0,0,0,0,69,,15.0,South Carolina,College Stats
4,133,ATL,Levine Toilolo\ToilLe00,TE,22,2019,0,0,5,8,6,108,0,0,0,0,0,0,0,0,97,996,8,7,,,Stanford,College Stats
5,134,KAN,Sanders Commings\CommSa00,DB,23,2014,0,0,0,0,0,2,0,0,0,0,0,0,0,0,0,0,0,1,,,Georgia,College Stats
5,135,JAX,Denard Robinson\RobiDe00,WR,22,2016,0,0,1,8,8,55,0,2,0,0,0,263,1058,5,47,310,0,8,,,Michigan,College Stats
5,136,PHI,Earl Wolff\WolfEa00,DB,23,2014,0,0,0,4,4,18,0,0,0,0,0,0,0,0,0,0,0,43,1,,North Carolina St.,College Stats
5,137,SEA,Jesse Williams\WillJe02,DT,22,,0,0,0,,,,,,,,,,,,,,,,,,Alabama,College Stats
5,138,SEA,Tharold Simon\SimoTh00,DB,22,2016,0,0,0,3,2,20,0,0,0,0,0,0,0,0,0,0,0,15,1,,LSU,College Stats
5,139,IND,Montori Hughes\HughMo00,DT,23,2016,0,0,0,2,2,25,0,0,0,0,0,0,0,0,0,0,0,15,,,Tenn-Martin,
5,140,ARI,Stepfan Taylor\TaylSt00,RB,22,2016,0,0,0,3,3,61,0,0,0,0,0,120,393,1,20,154,3,12,,,Stanford,College Stats
5,141,NYJ,Oday Aboushi\AbouOd00,T,22,2019,0,0,2,13,4,49,0,0,0,0,0,0,0,0,0,0,0,,,,Virginia,College Stats
5,142,TEN,Lavar Edwards\EdwaLa00,DE,23,2017,0,0,0,1,1,25,0,0,0,0,0,0,0,0,0,0,0,14,,2.0,LSU,College Stats
5,143,BUF,Jonathan Meeks\MeekJo01,DB,23,2016,0,0,0,2,2,38,0,0,0,0,0,0,0,0,0,0,0,22,,,Clemson,
5,144,NOR,Kenny Stills\StilKe00,WR,21,2019,0,0,5,33,14,107,1,1,3,1,0,4,8,0,299,4699,36,,,,Oklahoma,College Stats
5,145,SDG,Steve Williams\WillSt02,DB,22,2016,0,0,0,4,4,33,0,0,0,0,0,0,0,0,0,0,0,45,2,1.0,California,College Stats
5,146,DEN,Quanterus Smith\SmitQu00,DE,23,2014,0,0,0,1,1,15,0,0,0,0,0,0,0,0,0,0,0,7,,,Western Kentucky,
5,147,TAM,Steven Means\MeanSt00,DE,22,2018,0,0,0,5,1,34,0,0,0,0,0,0,0,0,0,0,0,15,,3.0,Buffalo,College Stats
5,148,CAR,A.J. Klein\KleiAJ00,LB,22,2019,0,0,4,28,10,103,0,0,0,0,0,0,0,0,0,0,0,225,3,10.5,Iowa St.,College Stats
5,149,STL,Brandon McGee\McGeBr00,DB,22,2015,0,0,0,1,1,18,0,0,0,0,0,0,0,0,0,0,0,14,,,Miami (FL),College Stats
5,150,PIT,Terry Hawthorne\HawtTe00,DB,23,,0,0,0,,,,,,,,,,,,,,,,,,Illinois,College Stats
5,151,DAL,Joseph Randle\RandJo01,RB,21,2015,0,0,0,7,7,35,0,0,0,0,0,181,822,9,22,170,0,9,,,Oklahoma St.,College Stats
5,152,NYG,Cooper Taylor\TaylCo01,DB,23,2015,0,0,0,2,2,16,0,0,0,0,0,0,0,0,0,0,0,9,,,Richmond,
5,153,ATL,Stansly Maponga\MapoSt00,DE,22,2015,0,0,0,2,2,26,0,0,0,0,0,0,0,0,0,0,0,4,,1.0,TCU,College Stats
5,154,WAS,Chris Thompson\ThomCh03,RB,22,2019,0,0,0,19,19,66,0,0,0,0,0,250,1194,5,212,1772,10,,,,Florida St.,College Stats
5,155,MIN,Jeff Locke\LockJe00,P,23,2017,0,0,4,6,6,69,0,0,0,0,0,1,-6,0,0,0,0,2,,,UCLA,College Stats
5,156,CIN,Tanner Hawkinson\HawkTa00,T,23,2015,0,0,0,0,0,6,0,0,0,0,0,0,0,0,0,0,0,,,,Kansas,
5,157,SFO,Quinton Dial\DialQu00,DE,23,2017,0,0,2,16,13,59,0,0,0,0,0,0,0,0,0,0,0,90,,4.5,Alabama,College Stats
5,158,SEA,Luke Willson\WillLu00,TE,23,2019,0,0,2,12,11,94,0,0,0,0,0,0,0,0,110,1295,11,6,,,Rice,College Stats
5,159,GNB,Micah Hyde\HydeMi00,DB,22,2019,0,1,3,35,13,110,0,0,0,0,0,0,0,0,0,0,0,340,16,4.0,Iowa,College Stats
5,160,STL,Zac Stacy\StacZa00,RB,22,2015,0,0,1,11,10,35,0,0,0,0,0,357,1355,9,53,358,1,2,,,Vanderbilt,College Stats
5,161,DEN,Tavarres King\KingTa00,WR,23,2017,0,0,0,2,,17,0,0,0,0,0,2,3,0,22,303,3,,,,Georgia,College Stats
5,162,WAS,Brandon Jenkins\JenkBr00,DE,23,2013,0,0,0,0,0,5,0,0,0,0,0,0,0,0,0,0,0,1,,,Florida St.,College Stats
5,163,CHI,Jordan Mills\MillJo02,T,22,2019,0,0,5,38,13,90,0,0,0,0,0,0,0,0,0,0,0,,,,Louisiana Tech,
5,164,MIA,Mike Gillislee\GillMi00,RB,22,2018,0,0,0,10,0,36,0,0,0,0,0,274,1291,16,17,103,1,9,,,Florida,College Stats
5,165,DET,Sam Martin\MartSa01,P,23,2019,0,0,7,15,15,106,2,2,27,0,0,2,3,0,0,0,0,4,,,Appalachian St.,
5,166,MIA,Caleb Sturgis\SturCa00,K,24,2018,0,0,4,8,4,68,0,0,0,0,0,0,0,0,0,0,0,6,,,Florida,College Stats
5,167,GNB,Josh Boyd\BoydJo00,DE,24,2015,0,0,0,4,4,26,0,0,0,0,0,0,0,0,0,0,0,17,,,Mississippi St.,College Stats
5,168,BAL,Ricky Wagner\WagnRi00,T,23,2019,0,0,6,39,20,102,0,0,0,0,0,0,0,0,0,0,0,,,,Wisconsin,
6,169,JAX,Josh Evans\EvanJo00,DB,22,2016,0,0,3,13,13,49,0,0,0,0,0,0,0,0,0,0,0,146,,,Florida,College Stats
6,170,KAN,Eric Kush\KushEr00,C,23,2019,0,0,0,10,1,49,0,0,0,0,0,0,0,0,0,0,0,,,,California (PA),
6,171,DET,Corey Fuller\FullCo00,WR,23,2015,0,0,0,3,3,28,0,0,0,0,0,0,0,0,18,288,1,5,,,Virginia Tech,College Stats
6,172,OAK,Nick Kasa\KasaNi00,TE,22,2014,0,0,0,0,0,16,0,0,0,0,0,0,0,0,1,9,1,,,,Colorado,College Stats
6,173,DEN,Vinston Painter\PainVi00,G,23,2017,0,0,0,0,,14,0,0,0,0,0,0,0,0,0,0,0,,,,Virginia Tech,
6,174,ARI,Ryan Swope\SwopRy00,WR,22,,0,0,0,,,,,,,,,,,,,,,,,,Texas A&M,College Stats
6,175,CLE,Jamoris Slaughter\SlauJa00,DB,23,,0,0,0,,,,,,,,,,,,,,,,,,Notre Dame,College Stats
6,176,HOU,David Quessenberry\QuesDa00,OL,23,2019,0,0,0,0,0,6,0,0,0,0,0,0,0,0,1,1,1,,,,San Jose St.,
6,177,BUF,Dustin Hopkins\HopkDu00,K,22,2019,0,0,5,14,,71,0,0,0,0,0,0,0,0,0,0,0,4,,,Florida St.,College Stats
6,178,NYJ,William Campbell\CampWi00,OL,22,2014,0,0,0,0,,0,0,0,0,0,0,0,0,0,0,0,0,,,,Michigan,College Stats
6,179,SDG,Tourek Williams\WillTo00,DE,22,2016,0,0,0,5,5,47,0,0,0,0,0,0,0,0,0,0,0,40,,2.0,Florida International,College Stats
6,180,SFO,Nick Moody\MoodNi00,LB,23,2016,0,0,0,2,2,24,0,0,0,0,0,0,0,0,0,0,0,20,,,Florida St.,College Stats
6,181,OAK,Latavius Murray\MurrLa00,RB,23,2019,0,1,4,34,17,93,0,0,0,0,0,1045,4335,39,162,1118,1,3,,,Central Florida,College Stats
6,182,CAR,Kenjon Barner\BarnKe00,RB,23,2019,0,0,0,4,0,68,1,1,3,0,0,100,416,3,28,152,0,1,,,Oregon,College Stats
6,183,NOR,Rufus Johnson\JohnRu02,DE,23,2015,0,0,0,0,,1,0,0,0,0,0,0,0,0,0,0,0,1,,,Tarleton St.,
6,184,OAK,Mychal Rivera\RiveMy00,TE,22,2016,0,0,1,9,9,61,0,0,0,0,0,0,0,0,146,1413,10,2,,,Tennessee,College Stats
6,185,DAL,DeVonte Holloman\HollDe01,LB,22,2014,0,0,0,1,1,9,0,0,0,0,0,0,0,0,0,0,0,14,,2.0,South Carolina,College Stats
6,186,PIT,Justin Brown\BrowJu00,WR,22,2014,0,0,0,1,1,8,0,0,0,0,0,0,0,0,12,94,0,,,,Oklahoma,College Stats
6,187,ARI,Andre Ellington\ElliAn00,RB,24,2017,0,0,1,18,17,65,0,0,0,0,0,418,1752,10,151,1368,3,1,,,Clemson,College Stats
6,188,CHI,Cornelius Washington\WashCo00,LB,23,2017,0,0,0,6,3,46,0,0,0,0,0,0,0,0,0,0,0,36,,5.5,Georgia,College Stats
6,189,TAM,Mike James\JameMi00,RB,22,2016,0,0,0,2,2,23,1,1,2,1,0,83,351,0,15,60,0,,,,Miami (FL),College Stats
6,190,CIN,Rex Burkhead\BurkRe00,RB,23,2019,0,0,0,15,4,73,0,0,0,0,0,273,1127,11,105,952,5,23,,,Nebraska,College Stats
6,191,WAS,Bacarri Rambo\RambBa00,DB,23,2016,0,0,1,8,1,41,0,0,0,0,0,0,0,0,0,0,0,105,4,2.0,Georgia,College Stats
6,192,IND,John Boyett\BoyeJo00,DB,23,2014,0,0,0,0,,0,0,0,0,0,0,0,0,0,0,0,0,,,,Oregon,College Stats
6,193,GNB,Nate Palmer\PalmNa01,LB,23,2017,0,0,1,9,7,48,0,0,0,0,0,0,0,0,0,0,0,68,,1.0,Illinois St.,
6,194,SEA,Spencer Ware\WareSp00,RB,21,2019,0,0,1,17,0,43,0,0,0,0,0,357,1631,11,64,698,2,2,,,LSU,College Stats
6,195,HOU,Alan Bonner\BonnAl00,WR,22,2014,0,0,0,0,0,0,0,0,0,0,0,0,0,0,0,0,0,,,,Jacksonville St.,
6,196,MIN,Jeff Baca\BacaJe00,G,23,2014,0,0,0,0,0,4,0,0,0,0,0,0,0,0,0,0,0,,,,UCLA,
6,197,CIN,Cobi Hamilton\HamiCo00,WR,22,2017,0,0,1,2,0,14,0,0,0,0,0,0,0,0,18,242,2,1,,,Arkansas,College Stats
6,198,HOU,Chris Jones\JoneCh04,DT,23,2016,0,0,2,14,,41,0,0,0,0,0,0,0,0,0,0,0,56,,9.0,Bowling Green,College Stats
6,199,DET,Theo Riddick\RiddTh00,RB,22,2018,0,0,1,24,24,84,0,0,0,0,0,288,1023,5,285,2238,14,15,,,Notre Dame,College Stats
6,200,BAL,Kapron Lewis-Moore\LewiKa00,DE,23,2015,0,0,0,0,0,5,0,0,0,0,0,0,0,0,0,0,0,3,,,Notre Dame,College Stats
6,201,HOU,Ryan Griffin\GrifRy00,TE,23,2019,0,0,3,12,10,90,0,0,0,0,0,0,0,0,170,1811,12,6,,,Connecticut,College Stats
6,202,TEN,Khalid Wooten\WootKh00,DB,23,2014,0,0,0,0,0,3,0,0,0,0,0,0,0,0,0,0,0,,,,Nevada,College Stats
6,203,BAL,Ryan Jensen\JensRy00,T,22,2019,0,0,3,26,11,67,0,0,0,0,0,0,0,0,0,0,0,,,,,
6,204,KAN,Braden Wilson\WilsBr00,FB,23,,0,0,0,,,,,,,,,,,,,,,,,,Kansas St.,College Stats
6,205,OAK,Stacy McGee\McGeSt01,DT,23,2019,0,0,1,16,10,79,0,0,0,0,0,0,0,0,0,0,0,75,,4.5,Oklahoma,College Stats
6,206,PIT,Vince Williams\WillVi01,LB,23,2019,0,0,4,30,30,107,0,0,0,0,0,0,0,0,0,0,0,286,2,17.5,Florida St.,College Stats
7,207,KAN,Mike Catapano\CataMi00,DE,23,2016,0,0,0,3,1,29,0,0,0,0,0,0,0,0,0,0,0,8,,2.0,Princeton,
7,208,JAX,Jeremy Harris\HarrJe02,DB,22,2015,0,0,0,0,0,7,0,0,0,0,0,0,0,0,0,0,0,4,,,New Mexico St.,College Stats
7,209,OAK,Brice Butler\ButlBr00,WR,23,2018,0,0,0,9,3,69,0,0,0,0,0,0,0,0,79,1237,9,,,,San Diego St.,College Stats
7,210,JAX,Demetrius McCray\McCrDe00,DB,22,2017,0,0,1,8,8,49,0,0,0,0,0,0,0,0,0,0,0,73,,,Appalachian St.,
7,211,DET,Michael Williams\WillMi06,TE,22,2015,0,0,0,0,0,15,0,0,0,0,0,0,0,0,3,26,0,1,,,Alabama,College Stats
7,212,PHI,Joe Kruger\KrugJo00,DE,21,2014,0,0,0,0,,0,0,0,0,0,0,0,0,0,0,0,0,,,,Utah,College Stats
7,213,MIN,Michael Mauti\MautMi00,LB,23,2017,0,0,0,5,2,58,0,0,0,0,0,0,0,0,0,0,0,58,,1.0,Penn St.,College Stats
7,214,MIN,Travis Bond\BondTr00,G,22,2014,0,0,0,0,,2,0,0,0,0,0,0,0,0,0,0,0,,,,North Carolina,College Stats
7,215,NYJ,Tommy Bohanon\BohaTo00,RB,22,2018,0,0,2,1,1,68,0,0,0,0,0,26,72,2,29,239,1,3,,,Wake Forest,College Stats
7,216,GNB,Charles Johnson\JohnCh08,WR,24,2016,0,0,0,7,,39,0,0,0,0,0,1,-11,0,60,834,2,2,,,Grand Valley St.,
7,217,CLE,Armonty Bryant\BryaAr00,DE,23,2016,0,0,0,4,3,36,0,0,0,0,0,0,0,0,0,0,0,45,,11.5,East Central (OK),
7,218,PHI,Jordan Poyer\PoyeJo00,DB,22,2019,0,0,3,25,0,95,0,0,0,0,0,1,10,0,0,0,0,299,13,6.0,Oregon St.,College Stats
7,219,ARI,D.C. Jefferson\JeffD.00,TE,24,2013,0,0,0,0,0,4,0,0,0,0,0,0,0,0,0,0,0,,,,Rutgers,College Stats
7,220,SEA,Ryan Seymour\SeymRy00,G,23,2016,0,0,0,2,,13,0,0,0,0,0,0,0,0,0,0,0,,,,Vanderbilt,
7,221,SDG,Brad Sorensen\SoreBr00,QB,25,2014,0,0,0,0,0,0,0,0,0,0,0,0,0,0,0,0,0,,,,Southern Utah,
7,222,BUF,Chris Gragg\GragCh00,TE,23,2015,0,0,0,1,1,32,0,0,0,0,0,0,0,0,24,251,2,,,,Arkansas,College Stats
7,223,PIT,Nick Williams\WillNi01,DT,23,2019,0,0,0,7,,44,0,0,0,0,0,0,0,0,0,0,0,36,,6.0,Samford,
7,224,GNB,Kevin Dorsey\DorsKe01,WR,23,2014,0,0,0,0,0,3,0,0,0,0,0,0,0,0,1,4,0,1,,,Maryland,College Stats
7,225,NYG,Eric Herman\HermEr00,OL,23,2014,0,0,0,0,0,0,0,0,0,0,0,0,0,0,0,0,0,,,,Ohio,College Stats
7,226,NWE,Michael Buchanan\BuchMi00,DE,22,2014,0,0,0,0,0,18,0,0,0,0,0,0,0,0,0,0,0,7,,2.0,Illinois,College Stats
7,227,CLE,Garrett Gilkey\GilkGa00,T,23,2014,0,0,0,2,1,22,0,0,0,0,0,0,0,0,0,0,0,,,,Chadron St.,
7,228,WAS,Jawan Jamison\JamiJa00,RB,21,,0,0,0,,,,,,,,,,,,,,,,,,Rutgers,College Stats
7,229,MIN,Everett Dawkins\DawkEv00,DT,23,2013,0,0,0,0,,1,0,0,0,0,0,0,0,0,0,0,0,,,,Florida St.,College Stats
7,230,IND,Kerwynn Williams\WillKe05,RB,22,2017,0,0,0,6,0,39,0,0,0,0,0,218,971,4,15,126,0,6,,,Utah St.,College Stats
7,231,SEA,Ty Powell\PoweTy00,DE,25,2014,0,0,0,1,,19,0,0,0,0,0,0,0,0,0,0,0,17,,1.0,Harding,
7,232,GNB,Sam Barrington\BarrSa00,LB,22,2016,0,0,0,4,4,29,0,0,0,0,0,0,0,0,0,0,0,44,,1.0,South Florida,College Stats
7,233,OAK,David Bass\BassDa00,DE,22,2017,0,0,0,9,,64,0,0,0,0,0,0,0,0,0,0,0,70,2,9.0,Missouri Western St.,
7,234,DEN,Zac Dysert\DyseZa00,QB,23,2014,0,0,0,0,0,0,0,0,0,0,0,0,0,0,0,0,0,,,,Miami (OH),College Stats
7,235,NWE,Steve Beauharnais\BeauSt00,LB,23,2014,0,0,0,0,0,5,0,0,0,0,0,0,0,0,0,0,0,2,,,Rutgers,College Stats
7,236,CHI,Marquess Wilson\WilsMa02,WR,20,2016,0,0,0,6,6,31,0,0,0,0,0,0,0,0,56,777,3,,,,Washington St.,College Stats
7,237,SFO,B.J. Daniels\DaniB.00,QB,24,2015,0,0,0,0,,8,1,2,7,0,0,6,6,0,2,18,0,1,,,South Florida,College Stats
7,238,BAL,Aaron Mellette\MellAa00,WR,23,,0,0,0,,,,,,,,,,,,,,,,,,Elon,
7,239,PHI,David King\KingDa00,DE,23,2017,0,0,0,1,,17,0,0,0,0,0,0,0,0,0,0,0,4,,2.5,Oklahoma,College Stats
7,240,CIN,Reid Fragel\FragRe00,OL,22,2015,0,0,0,0,,1,0,0,0,0,0,0,0,0,0,0,0,,,,Ohio St.,
7,241,SEA,Jared Smith\SmitJa02,DT,23,,0,0,0,,,,,,,,,,,,,,,,,,New Hampshire,
7,242,SEA,Michael Bowie\BowiMi00,T,21,2014,0,0,0,4,4,9,0,0,0,0,0,0,0,0,0,0,0,,,,,
7,243,ATL,Kemal Ishmael\IshmKe00,DB,22,2019,0,0,1,13,13,95,0,0,0,0,0,0,0,0,0,0,0,183,5,1.0,Central Florida,College Stats
7,244,ATL,Zeke Motta\MottZe00,DB,23,2014,0,0,0,1,1,10,0,0,0,0,0,0,0,0,0,0,0,8,,,Notre Dame,College Stats
7,245,DET,Brandon Hepburn\HepbBr00,LB,23,2014,0,0,0,0,,0,0,0,0,0,0,0,0,0,0,0,0,,,,Florida A&M,
7,246,SFO,Carter Bykowski\BykoCa00,OL,23,2014,0,0,0,0,0,0,0,0,0,0,0,0,0,0,0,0,0,,,,Iowa St.,College Stats
7,247,BAL,Marc Anthony\AnthMa00,DB,23,,0,0,0,,,,,,,,,,,,,,,,,,California,College Stats
7,248,TEN,Daimion Stafford\StafDa00,DB,22,2016,0,0,0,7,7,62,0,0,0,0,0,0,0,0,0,0,0,94,2,3.0,Nebraska,College Stats
7,249,ATL,Sean Renfree\RenfSe00,QB,23,2015,0,0,0,0,0,2,3,7,11,0,1,1,-4,0,0,0,0,,,,Duke,College Stats
7,250,MIA,Don Jones\JoneDo02,DB,23,2016,0,0,0,2,1,56,0,0,0,0,0,0,0,0,0,0,0,35,,,Arkansas St.,College Stats
7,251,CIN,T.J. Johnson\JohnTJ00,C,23,2017,0,0,0,4,4,45,0,0,0,0,0,0,0,0,0,0,0,,,,South Carolina,
7,252,SFO,Marcus Cooper\CoopMa00,DB,23,2018,0,0,1,13,,74,0,0,0,0,0,0,0,0,0,0,0,145,7,,Rutgers,College Stats
7,253,NYG,Michael Cox\CoxxMi00,RB,24,2014,0,0,0,0,0,18,0,0,0,0,0,26,76,0,5,21,0,3,,,Massachusetts,College Stats
7,254,IND,Justice Cunningham\CunnJu00,TE,22,2015,0,0,0,0,0,4,0,0,0,0,0,0,0,0,1,4,0,,,,South Carolina,College Stats