,,,,,,,Misc,Misc,,Approx Val,Approx Val,,Passing,Passing,Passing,Passing,Passing,Rushing,Rushing,Rushing,Receiving,Receiving,Receiving,,,,,
Rnd,Pick,Tm,Player,Pos,Age,To,AP1,PB,St,CarAV,DrAV,G,Cmp,Att,Yds,TD,Int,Att,Yds,TD,Rec,Yds,TD,Solo,Int,Sk,College/Univ,
1,1,ARI,Kyler Murray\MurrKy00,QB,22,2019,0,0,1,14,14,16,349,542,3722,20,12,93,544,4,0,0,0,,,,Oklahoma,College Stats
1,2,SFO,Nick Bosa\BosaNi00,DE,21,2019,0,1,1,11,11,16,0,0,0,0,0,0,0,0,0,0,0,32,1,9.0,Ohio St.,College Stats
1,3,NYJ,Quinnen Williams\WillQu00,DT,21,2019,0,0,1,5,5,13,0,0,0,0,0,0,0,0,0,0,0,15,,2.5,Alabama,College Stats
1,4,OAK,Clelin Ferrell\FerrCl00,DE,22,2019,0,0,1,7,7,15,0,0,0,0,0,0,0,0,0,0,0,24,,4.5,Clemson,College Stats
1,5,TAM,Devin White\WhitDe02,LB,21,2019,0,0,1,8,8,13,0,0,0,0,0,0,0,0,0,0,0,58,1,2.5,LSU,College Stats
1,6,NYG,Daniel Jones\JoneDa05,QB,22,2019,0,0,1,9,9,13,284,459,3027,24,12,45,279,2,0,0,0,,,,Duke,College Stats
1,7,JAX,Josh Allen\AlleJo03,LB,22,2019,0,1,0,6,6,16,0,0,0,0,0,0,0,0,0,0,0,31,,10.5,Kentucky,College Stats
1,8,DET,T.J. Hockenson\HockTJ00,TE,22,2019,0,0,0,3,3,12,0,0,0,0,0,0,0,0,32,367,2,,,,Iowa,College Stats
1,9,BUF,Ed Oliver\OlivEd00,DT,21,2019,0,0,0,6,6,16,0,0,0,0,0,0,0,0,0,0,0,24,,5.0,Houston,College Stats
1,10,PIT,Devin Bush\BushDe01,LB,21,2019,0,0,1,9,9,16,0,0,0,0,0,0,0,0,0,0,0,72,2,1.0,Michigan,College Stats
1,11,CIN,Jonah Williams\WillJo10,G,21,,0,0,0,,,,,,,,,,,,,,,,,,Alabama,College Stats
1,12,GNB,Rashan Gary\GaryRa00,LB,21,2019,0,0,0,2,2,16,0,0,0,0,0,0,0,0,0,0,0,13,,2.0,Michigan,College Stats
1,13,MIA,Christian Wilkins\WilkCh00,DT,23,2019,0,0,1,5,5,16,0,0,0,0,0,0,0,0,1,1,1,30,,2.0,Clemson,College Stats
1,14,ATL,Chris Lindstrom\LindCh00,G,22,2019,0,0,0,2,2,5,0,0,0,0,0,0,0,0,0,0,0,,,,Boston Col.,College Stats
1,15,WAS,Dwayne Haskins\HaskDw00,QB,22,2019,0,0,0,3,3,9,119,203,1365,7,7,20,101,0,0,0,0,,,,Ohio St.,College Stats
1,16,CAR,Brian Burns\BurnBr00,DE,21,2019,0,0,0,4,4,16,0,0,0,0,0,0,0,0,0,0,0,19,,7.5,Florida St.,College Stats
1,17,NYG,Dexter Lawrence\LawrDe03,DT,21,2019,0,0,1,7,7,16,0,0,0,0,0,0,0,0,0,0,0,24,,2.5,Clemson,College Stats
1,18,MIN,Garrett Bradbury\BradGa00,C,24,2019,0,0,1,8,8,16,0,0,0,0,0,0,0,0,1,-4,0,,,,North Carolina St.,College Stats
1,19,TEN,Jeffery Simmons\SimmJe01,DT,22,2019,0,0,0,4,4,9,0,0,0,0,0,0,0,0,0,0,0,18,,2.0,Mississippi St.,College Stats
1,20,DEN,Noah Fant\FantNo00,TE,21,2019,0,0,1,4,4,16,0,0,0,0,0,3,-12,0,40,562,3,,,,Iowa,College Stats
1,21,GNB,Darnell Savage\SavaDa00,S,22,2019,0,0,1,5,5,14,0,0,0,0,0,0,0,0,0,0,0,42,2,,Maryland,College Stats
1,22,PHI,Andre Dillard\DillAn00,T,23,2019,0,0,0,3,3,16,0,0,0,0,0,0,0,0,0,0,0,,,,Washington St.,College Stats
1,23,HOU,Tytus Howard\HowaTy00,T,23,2019,0,0,1,5,5,8,0,0,0,0,0,0,0,0,0,0,0,,,,Alabama St.,
1,24,OAK,Josh Jacobs\JacoJo01,RB,21,2019,0,0,1,8,8,13,0,0,0,0,0,242,1150,7,20,166,0,,,,Alabama,College Stats
1,25,BAL,Marquise Brown\BrowMa04,WR,22,2019,0,0,1,8,8,14,0,0,0,0,0,0,0,0,46,584,7,,,,Oklahoma,College Stats
1,26,WAS,Montez Sweat\SweaMo00,DE,23,2019,0,0,1,6,6,16,0,0,0,0,0,0,0,0,0,0,0,31,,7.0,Mississippi St.,College Stats
1,27,OAK,Johnathan Abram\AbraJo01,S,22,2019,0,0,0,0,0,1,0,0,0,0,0,0,0,0,0,0,0,1,,,Mississippi St.,College Stats
1,28,LAC,Jerry Tillery\TillJe00,DT,22,2019,0,0,0,2,2,15,0,0,0,0,0,0,0,0,0,0,0,9,,2.0,Notre Dame,College Stats
1,29,SEA,L.J. Collier\CollLJ00,DE,23,2019,0,0,0,1,1,11,0,0,0,0,0,0,0,0,0,0,0,2,,,TCU,College Stats
1,30,NYG,Deandre Baker\BakeDe00,CB,22,2019,0,0,1,5,5,16,0,0,0,0,0,0,0,0,0,0,0,48,,,Georgia,College Stats
1,31,ATL,Kaleb McGary\McGaKa00,T,24,2019,0,0,1,9,9,16,0,0,0,0,0,0,0,0,1,-3,0,,,,Washington,College Stats
1,32,NWE,N'Keal Harry\HarrNK00,WR,21,2019,0,0,0,1,1,7,0,0,0,0,0,5,49,0,12,105,2,,,,Arizona St.,College Stats
2,33,ARI,Byron Murphy\MurpBy00,CB,21,2019,0,0,1,5,5,16,0,0,0,0,0,0,0,0,0,0,0,66,1,,Washington,College Stats
2,34,IND,Rock Ya-Sin\Ya-SRo00,CB,23,2019,0,0,1,5,5,15,0,0,0,0,0,0,0,0,0,0,0,54,1,,Temple,College Stats
2,35,JAX,Jawaan Taylor\TaylJa02,T,21,2019,0,0,1,8,8,16,0,0,0,0,0,0,0,0,0,0,0,,,,Florida,College Stats
2,36,SFO,Deebo Samuel\SamuDe00,WR,23,2019,0,0,1,9,9,15,0,0,0,0,0,14,159,3,57,802,3,,,,South Carolina,College Stats
2,37,CAR,Greg Little\LittGr01,T,21,2019,0,0,0,1,1,4,0,0,0,0,0,0,0,0,0,0,0,,,,Mississippi,College Stats
2,38,BUF,Cody Ford\FordCo00,T,22,2019,0,0,1,7,7,16,0,0,0,0,0,0,0,0,0,0,0,,,,Oklahoma,College Stats
2,39,TAM,Sean Murphy-Bunting\BuntSe00,CB,22,2019,0,0,1,5,5,16,0,0,0,0,0,0,0,0,0,0,0,37,3,1.0,Central Michigan,College Stats
2,40,OAK,Trayvon Mullen\MullTr00,CB,21,2019,0,0,1,3,3,16,0,0,0,0,0,0,0,0,0,0,0,42,1,,Clemson,College Stats
2,41,DEN,Dalton Risner\RisnDa00,T,24,2019,0,0,1,6,6,16,0,0,0,0,0,0,0,0,0,0,0,,,,Kansas St.,College Stats
2,42,DEN,Drew Lock\LockDr00,QB,22,2019,0,0,0,3,3,5,100,156,1020,7,3,18,72,0,0,0,0,,,,Missouri,College Stats
2,43,DET,Jahlani Tavai\TavaJa00,LB,22,2019,0,0,0,4,4,15,0,0,0,0,0,0,0,0,0,0,0,37,1,2.0,Hawaii,College Stats
2,44,GNB,Elgton Jenkins\JenkEl00,C,23,2019,0,0,1,7,7,16,0,0,0,0,0,0,0,0,0,0,0,,,,Mississippi St.,College Stats
2,45,NWE,Joejuan Williams\WillJo13,CB,21,2019,0,0,0,1,1,9,0,0,0,0,0,0,0,0,0,0,0,4,,,Vanderbilt,College Stats
2,46,CLE,Greedy Williams\WillGr00,CB,21,2019,0,0,1,4,4,12,0,0,0,0,0,0,0,0,0,0,0,37,,,LSU,College Stats
2,47,SEA,Marquise Blair\BlaiMa01,S,22,2019,0,0,0,2,2,14,0,0,0,0,0,0,0,0,0,0,0,24,,,Utah,College Stats
2,48,NOR,Erik McCoy\McCoEr01,C,22,2019,0,0,1,7,7,16,0,0,0,0,0,0,0,0,0,0,0,,,,Texas A&M,College Stats
2,49,IND,Ben Banogu\BanoBe00,LB,23,2019,0,0,0,1,1,16,0,0,0,0,0,0,0,0,0,0,0,7,,2.5,TCU,College Stats
2,50,MIN,Irv Smith Jr.\SmitIr01,TE,21,2019,0,0,0,3,3,16,0,0,0,0,0,0,0,0,36,311,2,1,,,Alabama,College Stats
2,51,TEN,A.J. Brown\BrowAJ00,WR,22,2019,0,0,1,10,10,16,0,0,0,0,0,3,60,1,52,1051,8,,,,Mississippi,College Stats
2,52,CIN,Drew Sample\SampDr00,TE,23,2019,0,0,0,0,0,9,0,0,0,0,0,0,0,0,5,30,0,,,,Washington,College Stats
2,53,PHI,Miles Sanders\SandMi01,RB,22,2019,0,0,1,9,9,16,0,0,0,0,0,179,818,3,50,509,3,,,,Penn St.,College Stats
2,54,HOU,Lonnie Johnson\JohnLo01,CB,22,2019,0,0,0,3,3,14,0,0,0,0,0,0,0,0,0,0,0,34,,,Kentucky,College Stats
2,55,HOU,Max Scharping\SchaMa01,T,23,2019,0,0,1,8,8,16,0,0,0,0,0,0,0,0,0,0,0,,,,Northern Illinois,College Stats
2,56,KAN,Mecole Hardman\HardMe00,WR,21,2019,0,1,0,7,7,16,0,0,0,0,0,4,17,0,26,538,6,,,,Georgia,College Stats
2,57,PHI,JJ Arcega-Whiteside\ArceJJ00,WR,22,2019,0,0,0,1,1,16,0,0,0,0,0,0,0,0,10,169,1,,,,Stanford,College Stats
2,58,DAL,Trysten Hill\HillTr00,DT,21,2019,0,0,0,1,1,7,0,0,0,0,0,0,0,0,0,0,0,4,,,Central Florida,College Stats
2,59,IND,Parris Campbell\CampPa00,WR,22,2019,0,0,0,1,1,7,0,0,0,0,0,4,34,0,18,127,1,,,,Ohio St.,College Stats
2,60,LAC,Nasir Adderley\AddeNa00,S,22,2019,0,0,0,0,0,4,0,0,0,0,0,0,0,0,0,0,0,2,,,Delaware,
2,61,LAR,Taylor Rapp\RappTa00,S,21,2019,0,0,1,5,5,15,0,0,0,0,0,0,0,0,0,0,0,62,2,,Washington,College Stats
2,62,ARI,Andy Isabella\IsabAn00,WR,22,2019,0,0,0,2,2,15,0,0,0,0,0,4,15,0,9,189,1,1,,,Massachusetts,College Stats
2,63,KAN,Juan Thornhill\ThorJu00,S,23,2019,0,0,1,6,6,16,0,0,0,0,0,0,0,0,0,0,0,42,3,,Virginia,College Stats
2,64,SEA,D.K. Metcalf\MetcDK00,WR,21,2019,0,0,1,8,8,16,0,0,0,0,0,2,11,0,58,900,7,,,,Mississippi,College Stats
3,65,ARI,Zach Allen\AlleZa01,DE,22,2019,0,0,0,1,1,4,0,0,0,0,0,0,0,0,0,0,0,6,,,Boston Col.,College Stats
3,66,PIT,Diontae Johnson\JohnDi01,WR,23,2019,0,0,1,6,6,16,0,0,0,0,0,4,41,0,59,680,5,,,,Toledo,College Stats
3,67,SFO,Jalen Hurd\HurdJa00,WR,23,,0,0,0,,,,,,,,,,,,,,,,,,Baylor,College Stats
3,68,NYJ,Jachai Polite\PoliJa00,LB,21,,0,0,0,,,,,,,,,,,,,,,,,,Florida,College Stats
3,69,JAX,Josh Oliver\OlivJo00,TE,22,2019,0,0,0,0,0,4,0,0,0,0,0,0,0,0,3,15,0,,,,San Jose St.,College Stats
3,70,LAR,Darrell Henderson\HendDa00,RB,22,2019,0,0,0,1,1,13,0,0,0,0,0,39,147,0,4,37,0,,,,Memphis,College Stats
3,71,DEN,Dre'Mont Jones\JoneDr00,DT,22,2019,0,0,0,2,2,14,0,0,0,0,0,0,0,0,0,0,0,8,1,3.5,Ohio St.,College Stats
3,72,CIN,Germaine Pratt\PratGe00,LB,23,2019,0,0,1,5,5,16,0,0,0,0,0,0,0,0,0,0,0,50,,,North Carolina St.,College Stats
3,73,CHI,David Montgomery\MontDa01,RB,22,2019,0,0,1,5,5,16,0,0,0,0,0,242,889,6,25,185,1,,,,Iowa St.,College Stats
3,74,BUF,Devin Singletary\SingDe00,RB,22,2019,0,0,1,6,6,12,0,0,0,0,0,151,775,2,29,194,2,,,,Florida Atlantic,College Stats
3,75,GNB,Jace Sternberger\SterJa00,TE,23,2019,0,0,0,0,0,6,0,0,0,0,0,0,0,0,0,0,0,,,,Texas A&M,College Stats
3,76,WAS,Terry McLaurin\McLaTe00,WR,23,2019,0,0,1,7,7,14,0,0,0,0,0,0,0,0,58,919,7,,,,Ohio St.,College Stats
3,77,NWE,Chase Winovich\WinoCh00,DE,24,2019,0,0,0,3,3,16,0,0,0,0,0,0,0,0,0,0,0,17,,5.5,Michigan,College Stats
3,78,MIA,Michael Deiter\DeitMi00,G,23,2019,0,0,1,6,6,16,0,0,0,0,0,0,0,0,1,0,0,,,,Wisconsin,College Stats
3,79,LAR,David Long\LongDa02,CB,21,2019,0,0,0,0,0,8,0,0,0,0,0,0,0,0,0,0,0,8,,,Michigan,College Stats
3,80,CLE,Sione Takitaki\TakiSi00,LB,24,2019,0,0,0,2,2,15,0,0,0,0,0,0,0,0,0,0,0,14,,,BYU,College Stats
3,81,DET,Will Harris\HarrWi02,S,23,2019,0,0,0,2,2,16,0,0,0,0,0,0,0,0,0,0,0,30,,1.0,Boston Col.,College Stats
3,82,TEN,Nate Davis\DaviNa01,G,22,2019,0,0,1,6,6,13,0,0,0,0,0,0,0,0,0,0,0,,,,Charlotte,College Stats
3,83,PIT,Justin Layne\LaynJu00,CB,21,2019,0,0,0,1,1,10,0,0,0,0,0,0,0,0,0,0,0,3,,,Michigan St.,College Stats
3,84,KAN,Khalen Saunders\SaunKh00,DT,23,2019,0,0,0,3,3,12,0,0,0,0,0,0,0,0,0,0,0,13,,1.0,West. Illinois,
3,85,BAL,Jaylon Ferguson\FergJa02,DE,23,2019,0,0,1,6,6,14,0,0,0,0,0,0,0,0,0,0,0,20,,2.5,Louisiana Tech,College Stats
3,86,HOU,Kahale Warring\WarrKa00,TE,22,,0,0,0,,,,,,,,,,,,,,,,,,San Diego St.,College Stats
3,87,NWE,Damien Harris\HarrDa06,RB,22,2019,0,0,0,0,0,2,0,0,0,0,0,4,12,0,0,0,0,,,,Alabama,College Stats
3,88,SEA,Cody Barton\BartCo00,LB,22,2019,0,0,0,2,2,16,0,0,0,0,0,0,0,0,0,0,0,9,,,Utah,College Stats
3,89,IND,Bobby Okereke\OkerBo00,LB,23,2019,0,0,1,4,4,16,0,0,0,0,0,0,0,0,0,0,0,48,,1.0,Stanford,College Stats
3,90,DAL,Connor McGovern\McGoCo01,G,21,,0,0,0,,,,,,,,,,,,,,,,,,Penn St.,College Stats
3,91,LAC,Trey Pipkins\PipkTr00,T,23,2019,0,0,0,2,2,13,0,0,0,0,0,0,0,0,0,0,0,,,,Sioux Falls,
3,92,NYJ,Chuma Edoga\EdogCh00,T,22,2019,0,0,1,3,3,8,0,0,0,0,0,0,0,0,0,0,0,,,,USC,College Stats
3,93,BAL,Miles Boykin\BoykMi00,WR,22,2019,0,0,1,3,3,16,0,0,0,0,0,0,0,0,13,198,3,,,,Notre Dame,College Stats
3,94,TAM,Jamel Dean\DeanJa00,CB,22,2019,0,0,0,3,3,13,0,0,0,0,0,0,0,0,0,0,0,16,2,,Auburn,College Stats
3,95,NYG,Oshane Ximines\XimiOs00,DE,22,2019,0,0,0,2,2,16,0,0,0,0,0,0,0,0,0,0,0,11,,4.5,Old Dominion,College Stats
3,96,BUF,Dawson Knox\KnoxDa00,TE,22,2019,0,0,1,3,3,15,0,0,0,0,0,1,9,0,28,388,2,,,,Mississippi,College Stats
3,97,LAR,Bobby Evans\EvanBo00,T,22,2019,0,0,0,4,4,9,0,0,0,0,0,0,0,0,0,0,0,,,,Oklahoma,College Stats
3,98,JAX,Quincy Williams\WillQu01,S,23,2019,0,0,1,3,3,11,0,0,0,0,0,0,0,0,0,0,0,30,,,Murray St.,
3,99,TAM,Mike Edwards\EdwaMi01,S,23,2019,0,0,0,3,3,15,0,0,0,0,0,0,0,0,0,0,0,33,,1.0,Kentucky,College Stats
3,100,CAR,Will Grier\GrieWi00,QB,24,2019,0,0,0,1,1,2,28,52,228,0,4,7,22,0,0,0,0,,,,West Virginia,College Stats
3,101,NWE,Yodny Cajuste\CajuYo00,T,23,,0,0,0,,,,,,,,,,,,,,,,,,West Virginia,College Stats
3,102,MIN,Alexander Mattison\MattAl01,RB,21,2019,0,0,0,4,4,13,0,0,0,0,0,100,462,1,10,82,0,,,,Boise St.,College Stats
4,103,ARI,Hakeem Butler\ButlHa00,WR,23,,0,0,0,,,,,,,,,,,,,,,,,,Iowa St.,College Stats
4,104,CIN,Ryan Finley\FinlRy00,QB,24,2019,0,0,0,1,1,3,41,87,474,2,2,10,77,0,0,0,0,,,,North Carolina St.,College Stats
4,105,NOR,Chauncey Gardner-Johnson\GardCh00,S,21,2019,0,0,0,3,3,16,0,0,0,0,0,0,0,0,0,0,0,38,1,,Florida,College Stats
4,106,OAK,Maxx Crosby\CrosMa00,DE,22,2019,0,0,1,6,6,16,0,0,0,0,0,0,0,0,0,0,0,36,,10.0,East. Michigan,College Stats
4,107,TAM,Anthony Nelson\NelsAn01,DE,22,2019,0,0,0,1,1,9,0,0,0,0,0,0,0,0,0,0,0,1,,,Iowa,College Stats
4,108,NYG,Julian Love\LoveJu00,CB,21,2019,0,0,0,2,2,15,0,0,0,0,0,0,0,0,0,0,0,30,1,,Notre Dame,College Stats
4,109,IND,Khari Willis\WillKh00,S,23,2019,0,0,1,3,3,14,0,0,0,0,0,0,0,0,0,0,0,53,,,Michigan St.,College Stats
4,110,SFO,Mitch Wishnowsky\WishMi00,P,27,2019,0,0,1,2,2,16,0,0,0,0,0,0,0,0,0,0,0,2,,,Utah,College Stats
4,111,ATL,Kendall Sheffield\ShefKe00,CB,23,2019,0,0,1,4,4,16,0,0,0,0,0,0,0,0,0,0,0,33,,,Ohio St.,College Stats
4,112,WAS,Bryce Love\LoveBr00,RB,22,,0,0,0,,,,,,,,,,,,,,,,,,Stanford,College Stats
4,113,BAL,Justice Hill\HillJu00,RB,21,2019,0,0,0,3,3,16,0,0,0,0,0,58,225,2,8,70,0,,,,Oklahoma St.,College Stats
4,114,MIN,Dru Samia\SamiDr00,G,22,2019,0,0,0,0,0,2,0,0,0,0,0,0,0,0,0,0,0,,,,Oklahoma,College Stats
4,115,CAR,Christian Miller\MillCh04,LB,23,2019,0,0,0,1,1,7,0,0,0,0,0,0,0,0,0,0,0,2,,2.0,Alabama,College Stats
4,116,TEN,Amani Hooker\HookAm00,S,21,2019,0,0,0,1,1,16,0,0,0,0,0,0,0,0,0,0,0,15,,,Iowa,College Stats
4,117,DET,Austin Bryant\BryaAu00,DE,22,2019,0,0,0,0,0,4,0,0,0,0,0,0,0,0,0,0,0,2,,,Clemson,College Stats
4,118,NWE,Hjalte Froholdt\FrohHj00,G,23,,0,0,0,,,,,,,,,,,,,,,,,,Arkansas,College Stats
4,119,CLE,Sheldrick Redwine\RedwSh00,S,22,2019,0,0,0,2,2,12,0,0,0,0,0,0,0,0,0,0,0,28,,,Miami (FL),College Stats
4,120,SEA,Gary Jennings\JennGa00,WR,22,2019,0,0,0,0,,1,0,0,0,0,0,0,0,0,0,0,0,,,,West Virginia,College Stats
4,121,NYJ,Trevon Wesco\WescTr00,TE,23,2019,0,0,0,0,0,16,0,0,0,0,0,1,2,0,2,47,0,2,,,West Virginia,College Stats
4,122,PIT,Benny Snell\SnelBe00,RB,21,2019,0,0,0,3,3,13,0,0,0,0,0,108,426,2,3,23,0,4,,,Kentucky,College Stats
4,123,BAL,Ben Powers\PoweBe00,G,22,2019,0,0,0,0,0,1,0,0,0,0,0,0,0,0,0,0,0,,,,Oklahoma,College Stats
4,124,SEA,Phil Haynes\HaynPh00,G,23,,0,0,0,,,,,,,,,,,,,,,,,,Wake Forest,College Stats
4,125,CIN,Renell Wren\WrenRe00,DT,23,2019,0,0,0,1,1,11,0,0,0,0,0,0,0,0,0,0,0,4,,,Arizona St.,College Stats
4,126,CHI,Riley Ridley\RidlRi00,WR,23,2019,0,0,0,1,1,5,0,0,0,0,0,0,0,0,6,69,0,,,,Georgia,College Stats
4,127,BAL,Iman Marshall\MarsIm00,CB,22,2019,0,0,0,0,0,3,0,0,0,0,0,0,0,0,0,0,0,1,,,USC,College Stats
4,128,DAL,Tony Pollard\PollTo00,RB,22,2019,0,0,0,4,4,15,0,0,0,0,0,86,455,2,15,107,1,,,,Memphis,College Stats
4,129,OAK,Isaiah Johnson\JohnIs02,CB,23,2019,0,0,0,0,0,5,0,0,0,0,0,0,0,0,0,0,0,1,,,Houston,College Stats
4,130,LAC,Drue Tranquill\TranDr00,LB,24,2019,0,0,0,3,3,15,0,0,0,0,0,0,0,0,0,0,0,61,,,Notre Dame,College Stats
4,131,WAS,Wes Martin\MartWe00,G,23,2019,0,0,0,2,2,9,0,0,0,0,0,0,0,0,0,0,0,,,,Indiana,College Stats
4,132,SEA,Ugochukwu Amadi\AmadUg00,S,22,2019,0,0,0,1,1,16,0,0,0,0,0,0,0,0,0,0,0,13,,,Oregon,College Stats
4,133,NWE,Jarrett Stidham\StidJa00,QB,23,2019,0,0,0,0,0,3,2,4,14,0,1,2,-2,0,0,0,0,,,,Auburn,College Stats
4,134,LAR,Greg Gaines\GainGr00,DT,23,2019,0,0,0,1,1,10,0,0,0,0,0,0,0,0,0,0,0,6,,0.5,Washington,College Stats
4,135,ATL,John Cominsky\ComiJo00,DE,23,2019,0,0,0,1,1,10,0,0,0,0,0,0,0,0,0,0,0,3,,0.5,Charleston (WV),
4,136,CIN,Michael Jordan\JordMi01,G,21,2019,0,0,1,4,4,13,0,0,0,0,0,0,0,0,0,0,0,,,,Ohio St.,College Stats
4,137,OAK,Foster Moreau\MoreFo00,TE,22,2019,0,0,0,1,1,13,0,0,0,0,0,0,0,0,21,174,5,3,,,LSU,College Stats
4,138,PHI,Shareef Miller\MillSh00,DE,22,2019,0,0,0,0,0,1,0,0,0,0,0,0,0,0,0,0,0,,,,Penn St.,College Stats
5,139,ARI,Deionte Thompson\ThomDe06,S,22,2019,0,0,0,1,1,11,0,0,0,0,0,0,0,0,0,0,0,14,,,Alabama,College Stats
5,140,JAX,Ryquell Armstead\ArmsRy00,RB,22,2019,0,0,0,2,2,16,0,0,0,0,0,35,108,0,14,144,2,1,,,Temple,College Stats
5,141,PIT,Zach Gentry\GentZa00,TE,22,2019,0,0,0,0,0,4,0,0,0,0,0,0,0,0,1,4,0,,,,Michigan,College Stats
5,142,SEA,Ben Burr-Kirven\BurrBe00,LB,21,2019,0,0,0,1,1,16,0,0,0,0,0,0,0,0,0,0,0,3,,,Washington,College Stats
5,143,NYG,Ryan Connelly\ConnRy00,LB,23,2019,0,0,0,2,2,4,0,0,0,0,0,0,0,0,0,0,0,10,2,1.0,Wisconsin,College Stats
5,144,IND,Marvell Tell\TellMa00,S,23,2019,0,0,0,1,1,13,0,0,0,0,0,0,0,0,0,0,0,23,,,USC,College Stats
5,145,TAM,Matt Gay\GayxMa00,K,25,2019,0,0,1,3,3,16,0,0,0,0,0,0,0,0,0,0,0,1,,,Utah,College Stats
5,146,DET,Amani Oruwariye\OruwAm00,CB,23,2019,0,0,0,1,1,9,0,0,0,0,0,0,0,0,0,0,0,18,2,,Penn St.,College Stats
5,147,BUF,Vosean Joseph\JoseVo00,LB,21,,0,0,0,,,,,,,,,,,,,,,,,,Florida,College Stats
5,148,SFO,Dre Greenlaw\GreeDr00,LB,22,2019,0,0,1,6,6,16,0,0,0,0,0,0,0,0,0,0,0,64,1,1.0,Arkansas,College Stats
5,149,OAK,Hunter Renfrow\RenfHu00,WR,23,2019,0,0,0,4,4,13,0,0,0,0,0,0,0,0,49,605,4,,,,Clemson,College Stats
5,150,GNB,Kingsley Keke\KekeKi00,DT,22,2019,0,0,0,1,1,14,0,0,0,0,0,0,0,0,0,0,0,3,,,Texas A&M,College Stats
5,151,MIA,Andrew Van Ginkel\VanGAn00,LB,24,2019,0,0,0,1,1,6,0,0,0,0,0,0,0,0,0,0,0,11,,1.0,Wisconsin,College Stats
5,152,ATL,Qadree Ollison\OlliQa00,RB,22,2019,0,0,0,0,0,8,0,0,0,0,0,22,50,4,1,7,0,3,,,Pittsburgh,College Stats
5,153,WAS,Ross Pierschbacher\PierRo00,G,24,2019,0,0,0,0,0,5,0,0,0,0,0,0,0,0,0,0,0,,,,Alabama,College Stats
5,154,CAR,Jordan Scarlett\ScarJo00,RB,23,2019,0,0,0,0,0,9,0,0,0,0,0,4,9,0,0,0,0,1,,,Florida,College Stats
5,155,CLE,Mack Wilson\WilsMa03,LB,21,2019,0,0,1,7,7,16,0,0,0,0,0,0,0,0,0,0,0,57,1,1.0,Alabama,College Stats
5,156,DEN,Justin Hollins\HollJu00,LB,23,2019,0,0,0,1,1,15,0,0,0,0,0,0,0,0,0,0,0,12,,1.0,Oregon,College Stats
5,157,NYJ,Blake Cashman\CashBl00,LB,23,2019,0,0,0,3,3,7,0,0,0,0,0,0,0,0,0,0,0,27,,0.5,Minnesota,College Stats
5,158,DAL,Michael Jackson\JackMi01,CB,22,2019,0,0,0,0,,1,0,0,0,0,0,0,0,0,0,0,0,,,,Miami (FL),College Stats
5,159,NWE,Byron Cowart\CowaBy00,DT,23,2019,0,0,0,1,1,5,0,0,0,0,0,0,0,0,0,0,0,1,,,Maryland,College Stats
5,160,BAL,Daylon Mack\MackDa00,DT,22,2019,0,0,0,0,0,1,0,0,0,0,0,0,0,0,0,0,0,,,,Texas A&M,College Stats
5,161,HOU,Charles Omenihu\OmenCh00,DE,22,2019,0,0,0,1,1,14,0,0,0,0,0,0,0,0,0,0,0,8,,3.0,Texas,College Stats
5,162,MIN,Cameron Smith\SmitCa01,LB,22,2019,0,0,0,0,0,5,0,0,0,0,0,0,0,0,0,0,0,4,,,USC,College Stats
5,163,NWE,Jake Bailey\BailJa00,P,22,2019,0,0,1,2,2,16,0,0,0,0,0,0,0,0,0,0,0,1,,,Stanford,College Stats
5,164,IND,E.J. Speed\SpeeEJ00,LB,24,2019,0,0,0,1,1,12,0,0,0,0,0,0,0,0,0,0,0,4,,,Tarleton St.,
5,165,DAL,Joe Jackson\JackJo02,DE,22,2019,0,0,0,0,0,5,0,0,0,0,0,0,0,0,0,0,0,2,,,Miami (FL),College Stats
5,166,LAC,Easton Stick\SticEa00,QB,23,,0,0,0,,,,,,,,,,,,,,,,,,North Dakota St.,
5,167,PHI,Clayton Thorson\ThorCl00,QB,23,,0,0,0,,,,,,,,,,,,,,,,,,Northwestern,College Stats
5,168,TEN,D'Andre Walker\WalkDA02,LB,22,,0,0,0,,,,,,,,,,,,,,,,,,Georgia,College Stats
5,169,LAR,David Edwards\EdwaDa01,T,22,2019,0,0,1,6,6,16,0,0,0,0,0,0,0,0,0,0,0,,,,Wisconsin,College Stats
5,170,CLE,Austin Seibert\SeibAu00,K,22,2019,0,0,1,3,3,16,0,0,0,0,0,0,0,0,0,0,0,,,,Oklahoma,College Stats
5,171,NYG,Darius Slayton\SlayDa01,WR,22,2019,0,0,1,6,6,14,0,0,0,0,0,0,0,0,48,740,8,,,,Auburn,College Stats
5,172,ATL,Jordan Miller\MillJo05,CB,22,2019,0,0,0,1,1,10,0,0,0,0,0,0,0,0,0,0,0,3,,,Washington,College Stats
5,173,WAS,Cole Holcomb\HolcCo00,LB,23,2019,0,0,1,6,6,16,0,0,0,0,0,0,0,0,0,0,0,74,,1.0,North Carolina,College Stats
6,174,ARI,KeeSean Johnson\JohnKe07,WR,22,2019,0,0,0,2,2,10,0,0,0,0,0,1,3,0,21,187,1,,,,Fresno St.,College Stats
6,175,PIT,Sutton Smith\SmitSu00,DE,23,,0,0,0,,,,,,,,,,,,,,,,,,Northern Illinois,College Stats
6,176,SFO,Kaden Smith\SmitKa00,TE,22,2019,0,0,0,2,,9,0,0,0,0,0,0,0,0,31,268,3,,,,Stanford,College Stats
6,177,NOR,Saquan Hampton\HampSa00,S,23,2019,0,0,0,0,0,5,0,0,0,0,0,0,0,0,0,0,0,1,,,Rutgers,College Stats
6,178,JAX,Gardner Minshew\MinsGa00,QB,23,2019,0,0,1,10,10,14,285,470,3271,21,6,67,344,0,0,0,0,,,,Washington St.,College Stats
6,179,ARI,Lamont Gaillard\GailLa00,C,23,,0,0,0,,,,,,,,,,,,,,,,,,Georgia,College Stats
6,180,NYG,Corey Ballentine\BallCo00,CB,23,2019,0,0,0,1,1,13,0,0,0,0,0,0,0,0,0,0,0,21,,,Washburn,
6,181,BUF,Jaquan Johnson\JohnJa11,CB,23,2019,0,0,0,1,1,13,0,0,0,0,0,0,0,0,0,0,0,7,,,Miami (FL),College Stats
6,182,CIN,Trayveon Williams\WillTr06,RB,21,2019,0,0,0,0,0,11,0,0,0,0,0,0,0,0,0,0,0,,,,Texas A&M,College Stats
6,183,SFO,Justin Skule\SkulJu00,T,22,2019,0,0,0,5,5,15,0,0,0,0,0,0,0,0,0,0,0,,,,Vanderbilt,College Stats
6,184,DET,Travis Fulgham\FulgTr00,WR,23,2019,0,0,0,0,0,3,0,0,0,0,0,0,0,0,0,0,0,,,,Old Dominion,College Stats
6,185,GNB,Ka'dar Hollman\HollKa00,CB,24,2019,0,0,0,0,0,4,0,0,0,0,0,0,0,0,0,0,0,,,,Toledo,College Stats
6,186,DET,Ty Johnson\JohnTy02,RB,21,2019,0,0,0,2,2,16,0,0,0,0,0,63,273,0,24,109,0,4,,,Maryland,College Stats
6,187,DEN,Juwann Winfree\WinfJu00,WR,23,2019,0,0,0,0,0,3,0,0,0,0,0,0,0,0,0,0,0,,,,Colorado,College Stats
6,188,TEN,David Long\LongDa04,LB,20,2019,0,0,0,1,1,14,0,0,0,0,0,0,0,0,0,0,0,9,,,West Virginia,
6,189,CLE,Drew Forbes\ForbDr00,T,22,2019,0,0,0,0,0,2,0,0,0,0,0,0,0,0,0,0,0,,,,SE Missouri St.,
6,190,MIN,Armon Watts\WattAr01,DT,23,2019,0,0,0,1,1,7,0,0,0,0,0,0,0,0,0,0,0,7,,1.5,Arkansas,College Stats
6,191,MIN,Marcus Epps\EppsMa00,S,23,2019,0,0,0,0,0,15,0,0,0,0,0,0,0,0,0,0,0,5,,,Wyoming,College Stats
6,192,PIT,Isaiah Buggs\BuggIs00,DT,23,2019,0,0,0,1,1,9,0,0,0,0,0,0,0,0,0,0,0,2,,,Alabama,College Stats
6,193,MIN,Oli Udoh\UdohOl00,T,22,,0,0,0,,,,,,,,,,,,,,,,,,Elon,
6,194,GNB,Dexter Williams\WillDe07,RB,22,2019,0,0,0,0,0,4,0,0,0,0,0,5,11,0,0,0,0,,,,Notre Dame,College Stats
6,195,HOU,Xavier Crawford\CrawXa00,CB,23,2019,0,0,0,0,0,5,0,0,0,0,0,0,0,0,0,0,0,1,,,Central Michigan,College Stats
6,196,NYJ,Blessuan Austin\AustBl00,CB,23,2019,0,0,0,2,2,7,0,0,0,0,0,0,0,0,0,0,0,19,,,Rutgers,College Stats
6,197,BAL,Trace McSorley\McSoTr00,QB,24,2019,0,0,0,0,0,1,0,0,0,0,0,1,1,0,0,0,0,,,,Penn St.,College Stats
6,198,SFO,Tim Harris\HarrTi01,CB,24,,0,0,0,,,,,,,,,,,,,,,,,,Virginia,College Stats
6,199,IND,Gerri Green\GreeGe00,DE,23,,0,0,0,,,,,,,,,,,,,,,,,,Mississippi St.,College Stats
6,200,LAC,Emeke Egbule\EgbuEm00,LB,22,2019,0,0,0,1,1,15,0,0,0,0,0,0,0,0,0,0,0,4,,,Houston,College Stats
6,201,KAN,Rashad Fenton\FentRa00,CB,22,2019,0,0,0,1,1,12,0,0,0,0,0,0,0,0,0,0,0,11,1,,South Carolina,College Stats
6,202,MIA,Isaiah Prince\PrinIs00,T,22,2019,0,0,0,1,1,4,0,0,0,0,0,0,0,0,0,0,0,,,,Ohio St.,College Stats
6,203,ATL,Marcus Green\GreeMa02,WR,23,,0,0,0,,,,,,,,,,,,,,,,,,La-Monroe,College Stats
6,204,SEA,Travis Homer\HomeTr00,RB,21,2019,0,0,0,1,1,16,0,0,0,0,0,18,114,0,11,56,0,3,,,Miami (FL),College Stats
6,205,CHI,Duke Shelley\ShelDu00,CB,22,2019,0,0,0,1,1,9,0,0,0,0,0,0,0,0,0,0,0,,,,Kansas St.,College Stats
6,206,WAS,Kelvin Harmon\HarmKe00,WR,22,2019,0,0,1,3,3,16,1,1,11,0,0,0,0,0,30,365,0,2,,,North Carolina St.,College Stats
6,207,PIT,Ulysees Gilbert\GilbUl00,LB,22,2019,0,0,0,1,1,7,0,0,0,0,0,0,0,0,0,0,0,3,,,Akron,College Stats
6,208,TAM,Scott Miller\MillSc01,WR,22,2019,0,0,0,2,2,10,0,0,0,0,0,2,16,0,13,200,1,,,,Bowling Green,College Stats
6,209,SEA,Demarcus Christmas\ChriDe01,DT,24,,0,0,0,,,,,,,,,,,,,,,,,,Florida St.,College Stats
6,210,CIN,Deshaun Davis\DaviDe01,LB,23,,0,0,0,,,,,,,,,,,,,,,,,,Auburn,College Stats
6,211,CIN,Rodney Anderson\AndeRo02,RB,22,,0,0,0,,,,,,,,,,,,,,,,,,Oklahoma,College Stats
6,212,CAR,Dennis Daley\DaleDe00,T,23,2019,0,0,0,4,4,14,0,0,0,0,0,0,0,0,0,0,0,,,,South Carolina,College Stats
6,213,DAL,Donovan Wilson\WilsDo01,S,22,2019,0,0,0,1,1,11,0,0,0,0,0,0,0,0,0,0,0,1,,,Texas A&M,College Stats
6,214,KAN,Darwin Thompson\ThomDa06,RB,23,2019,0,0,0,1,1,12,0,0,0,0,0,37,128,1,9,43,0,1,,,Utah St.,College Stats
7,215,TAM,Terry Beckner\BeckTe00,DT,22,,0,0,0,,,,,,,,,,,,,,,,,,Missouri,College Stats
7,216,KAN,Nick Allegretti\AlleNi00,G,23,2019,0,0,0,1,1,7,0,0,0,0,0,0,0,0,0,0,0,,,,Illinois,College Stats
7,217,MIN,Kris Boyd\BoydKr00,CB,22,2019,0,0,0,1,1,16,0,0,0,0,0,0,0,0,0,0,0,20,,,Texas,College Stats
7,218,DAL,Mike Weber\WebeMi00,RB,22,,0,0,0,,,,,,,,,,,,,,,,,,Ohio St.,College Stats
7,219,PIT,Derwin Gray\GrayDe01,T,24,,0,0,0,,,,,,,,,,,,,,,,,,Maryland,College Stats
7,220,HOU,Cullen Gillaspia\GillCu00,RB,24,2019,0,0,0,0,0,16,0,0,0,0,0,0,0,0,0,0,0,3,,,Texas A&M,College Stats
7,221,CLE,Donnie Lewis Jr.\LewiDo00,CB,23,,0,0,0,,,,,,,,,,,,,,,,,,Tulane,College Stats
7,222,CHI,Kerrith Whyte\WhytKe00,RB,22,2019,0,0,0,1,,6,0,0,0,0,0,24,122,0,1,9,0,,,,Florida Atlantic,College Stats
7,223,CIN,Jordan Brown\BrowJo04,CB,23,,0,0,0,,,,,,,,,,,,,,,,,,South Dakota St.,
7,224,DET,Isaac Nauta\NautIs00,TE,22,2019,0,0,0,0,0,6,0,0,0,0,0,0,0,0,2,13,0,,,,Georgia,College Stats
7,225,BUF,Darryl Johnson\JohnDa10,DE,22,2019,0,0,0,2,2,16,0,0,0,0,0,0,0,0,0,0,0,10,,1.0,North Carolina A&T,
7,226,GNB,Ty Summers\SummTy00,LB,23,2019,0,0,0,1,1,16,0,0,0,0,0,0,0,0,0,0,0,2,,,TCU,College Stats
7,227,WAS,Jimmy Moreland\MoreJi00,CB,24,2019,0,0,0,2,2,14,0,0,0,0,0,0,0,0,0,0,0,32,,,James Madison,
7,228,BUF,Tommy Sweeney\SweeTo00,TE,24,2019,0,0,0,1,1,6,0,0,0,0,0,0,0,0,8,114,0,,,,Boston Col.,College Stats
7,229,DET,P.J. Johnson\JohnPJ00,DE,23,,0,0,0,,,,,,,,,,,,,,,,,,Arizona,College Stats
7,230,OAK,Quinton Bell\BellQu00,DE,23,,0,0,0,,,,,,,,,,,,,,,,,,Prairie View,College Stats
7,231,NOR,Aliz? Mack\MackAl00,TE,22,,0,0,0,,,,,,,,,,,,,,,,,,Notre Dame,College Stats
7,232,NYG,George Asafo-Adjei\AsafGe00,T,22,,0,0,0,,,,,,,,,,,,,,,,,,Kentucky,College Stats
7,233,MIA,Chandler Cox\CoxxCh01,RB,23,2019,0,0,0,0,0,13,0,0,0,0,0,0,0,0,0,0,0,,,,Auburn,College Stats
7,234,MIA,Myles Gaskin\GaskMy00,RB,22,2019,0,0,0,1,1,7,0,0,0,0,0,36,133,1,7,51,0,,,,Washington,College Stats
7,235,JAX,Dontavius Russell\RussDo00,DT,23,2019,0,0,0,0,0,3,0,0,0,0,0,0,0,0,0,0,0,3,,,Auburn,College Stats
7,236,SEA,John Ursua\UrsuJo00,WR,25,2019,0,0,0,0,0,3,0,0,0,0,0,0,0,0,1,11,0,,,,Hawaii,College Stats
7,237,CAR,Terry Godwin\GodwTe00,WR,22,,0,0,0,,,,,,,,,,,,,,,,,,Georgia,College Stats
7,238,CHI,Stephen Denmark\DenmSt00,CB,23,,0,0,0,,,,,,,,,,,,,,,,,,Valdosta St.,
7,239,MIN,Dillon Mitchell\MitcDi00,WR,22,,0,0,0,,,,,,,,,,,,,,,,,,Oregon,College Stats
7,240,IND,Jackson Barton\BartJa00,T,24,,0,0,0,,,,,,,,,,,,,,,,,,Utah,College Stats
7,241,DAL,Jalen Jelks\JelkJa00,DE,23,,0,0,0,,,,,,,,,,,,,,,,,,Oregon,College Stats
7,242,LAC,Cortez Broughton\BrouCo00,DT,23,2019,0,0,0,0,0,2,0,0,0,0,0,0,0,0,0,0,0,4,,,Cincinnati,College Stats
7,243,LAR,Nick Scott\ScotNi01,S,24,2019,0,0,0,1,1,16,0,0,0,0,0,1,6,0,1,23,0,6,,,Penn St.,College Stats
7,244,NOR,Kaden Elliss\ElliKa00,LB,24,2019,0,0,0,0,0,3,0,0,0,0,0,0,0,0,0,0,0,,,,Idaho,College Stats
7,245,NYG,Chris Slayton\SlayCh00,DT,23,,0,0,0,,,,,,,,,,,,,,,,,,Syracuse,College Stats
7,246,IND,Javon Patterson\PattJa00,C,22,,0,0,0,,,,,,,,,,,,,,,,,,Mississippi,College Stats
7,247,MIN,Olabisi Johnson\JohnOl00,WR,22,2019,0,0,0,3,3,16,0,0,0,0,0,1,6,0,31,294,3,,,,Colorado St.,College Stats
7,248,ARI,Joshua Miles\MileJo00,T,23,2019,0,0,0,1,1,7,0,0,0,0,0,0,0,0,0,0,0,,,,Morgan St.,
7,249,ARI,Michael Dogbe\DogbMi00,DE,23,2019,0,0,0,0,0,8,0,0,0,0,0,0,0,0,0,0,0,3,,,Temple,College Stats
7,250,MIN,Austin Cutting\CuttAu00,LS,21,2019,0,0,0,1,1,16,0,0,0,0,0,0,0,0,0,0,0,,,,Air Force,College Stats
7,251,LAR,Dakota Allen\AlleDa01,LB,23,2019,0,0,0,0,,5,0,0,0,0,0,0,0,0,0,0,0,1,,,Texas Tech,College Stats
7,252,NWE,Ken Webster\WebsKe00,CB,23,2019,0,0,0,1,,8,0,0,0,0,0,0,0,0,0,0,0,17,,,Mississippi,College Stats
7,253,WAS,Jordan Brailford\BraiJo00,DE,23,,0,0,0,,,,,,,,,,,,,,,,,,Oklahoma St.,College Stats
7,254,ARI,Caleb Wilson\WilsCa00,TE,23,,0,0,0,,,,,,,,,,,,,,,,,,UCLA,College Stats