,,,,,,,Misc,Misc,,Approx Val,Approx Val,,Passing,Passing,Passing,Passing,Passing,Rushing,Rushing,Rushing,Receiving,Receiving,Receiving,,,,,
Rnd,Pick,Tm,Player,Pos,Age,To,AP1,PB,St,CarAV,DrAV,G,Cmp,Att,Yds,TD,Int,Att,Yds,TD,Rec,Yds,TD,Solo,Int,Sk,College/Univ,
1,1,CAR,Cam Newton\NewtCa00,QB,22,2020,1,3,8,104,104,128,2433,4071,29755,184,110,969,4955,62,1,33,0,,,,Auburn,College Stats
1,2,DEN,Von Miller\MillVo00,LB,22,2019,3,8,9,98,98,135,0,0,0,0,0,0,0,0,0,0,0,380,2,106.0,Texas A&M,College Stats
1,3,BUF,Marcell Dareus\DareMa00,DT,21,2019,1,2,7,56,46,121,0,0,0,0,0,0,0,0,0,0,0,255,,37.5,Alabama,College Stats
1,4,CIN,A.J. Green\GreeA.00,WR,23,2020,0,7,8,68,68,114,0,0,0,0,0,11,93,0,615,9023,63,,,,Georgia,College Stats
1,5,ARI,Patrick Peterson\PetePa00,DB,21,2020,3,8,9,85,85,141,1,1,17,0,0,7,34,0,10,64,0,397,25,4.0,LSU,College Stats
1,6,ATL,Julio Jones\JoneJu02,WR,22,2020,2,7,8,94,94,128,0,0,0,0,0,19,118,0,808,12306,57,,,,Alabama,College Stats
1,7,SFO,Aldon Smith\SmitAl04,DE,21,2020,1,1,3,27,25,62,0,0,0,0,0,0,0,0,0,0,0,153,1,51.5,Missouri,College Stats
1,8,TEN,Jake Locker\LockJa00,QB,23,2014,0,0,1,15,15,30,408,709,4967,27,22,95,644,5,0,0,0,,,,Washington,College Stats
1,9,DAL,Tyron Smith\SmitTy00,T,20,2020,2,7,9,84,84,132,0,0,0,0,0,0,0,0,0,0,0,,,,USC,College Stats
1,10,JAX,Blaine Gabbert\GabbBl00,QB,21,2018,0,0,2,16,7,56,842,1498,9063,48,47,177,631,3,1,-16,0,,,,Missouri,College Stats
1,11,HOU,J.J. Watt\WattJ.00,DE,22,2020,5,5,8,98,98,115,0,0,0,0,0,0,0,0,3,4,3,379,1,98.0,Wisconsin,College Stats
1,12,MIN,Christian Ponder\PondCh00,QB,23,2014,0,0,3,22,22,38,632,1057,6658,38,36,126,639,7,1,-15,0,1,,,Florida St.,College Stats
1,13,DET,Nick Fairley\FairNi00,DT,23,2016,0,0,4,24,16,77,0,0,0,0,0,0,0,0,0,0,0,114,,20.5,Auburn,College Stats
1,14,STL,Robert Quinn\QuinRo00,DE,21,2020,1,2,7,57,44,127,0,0,0,0,0,0,0,0,0,0,0,227,,81.5,North Carolina,College Stats
1,15,MIA,Mike Pouncey\PounMi00,G,22,2019,0,4,7,47,35,114,0,0,0,0,0,0,0,0,0,0,0,,,,Florida,College Stats
1,16,WAS,Ryan Kerrigan\KerrRy00,DE,23,2020,0,4,9,61,61,143,0,0,0,0,0,0,0,0,0,0,0,324,3,92.0,Purdue,College Stats
1,17,NWE,Nate Solder\SoldNa00,T,23,2019,0,0,8,69,55,130,0,0,0,0,0,0,0,0,0,0,0,1,,,Colorado,College Stats
1,18,SDG,Corey Liuget\LiugCo00,DT,21,2019,0,0,7,43,42,118,0,0,0,0,0,0,0,0,0,0,0,217,,25.0,Illinois,College Stats
1,19,NYG,Prince Amukamara\AmukPr00,DB,22,2019,0,0,8,34,14,113,0,0,0,0,0,0,0,0,0,0,0,417,10,,Nebraska,College Stats
1,20,TAM,Adrian Clayborn\ClayAd00,DE,23,2020,0,0,2,25,12,113,0,0,0,0,0,0,0,0,0,0,0,148,,38.5,Iowa,College Stats
1,21,CLE,Phil Taylor\TaylPh00,DT,23,2014,0,0,2,19,19,44,0,0,0,0,0,0,0,0,0,0,0,69,,7.0,Baylor,College Stats
1,22,IND,Anthony Castonzo\CastAn00,T,23,2020,0,0,9,62,62,135,0,0,0,0,0,0,0,0,1,1,1,,,,Boston Col.,College Stats
1,23,PHI,Danny Watkins\WatkDa00,G,26,2013,0,0,1,8,8,24,0,0,0,0,0,0,0,0,0,0,0,,,,Baylor,College Stats
1,24,NOR,Cameron Jordan\JordCa00,DE,22,2020,1,5,9,77,77,147,0,0,0,0,0,0,0,0,0,0,0,320,2,87.0,California,College Stats
1,25,SEA,James Carpenter\CarpJa00,T,22,2020,0,0,9,39,16,117,0,0,0,0,0,0,0,0,0,0,0,1,,,Alabama,College Stats
1,26,KAN,Jonathan Baldwin\BaldJo00,WR,22,2013,0,0,1,4,4,33,0,0,0,0,0,0,0,0,44,607,2,,,,Pittsburgh,College Stats
1,27,BAL,Jimmy Smith\SmitJi03,DB,23,2020,0,0,5,31,31,109,0,0,0,0,0,0,0,0,0,0,0,290,14,2.0,Colorado,College Stats
1,28,NOR,Mark Ingram\IngrMa01,RB,21,2020,0,3,4,60,49,123,0,0,0,0,0,1542,7109,61,256,1867,10,1,,,Alabama,College Stats
1,29,CHI,Gabe Carimi\CariGa00,T,23,2014,0,0,1,12,7,48,0,0,0,0,0,0,0,0,0,0,0,,,,Wisconsin,College Stats
1,30,NYJ,Muhammad Wilkerson\WilkMu00,DT,21,2018,0,1,7,63,62,108,0,0,0,0,0,0,0,0,0,0,0,245,2,44.5,Temple,College Stats
1,31,PIT,Cameron Heyward\HeywCa01,DE,22,2020,2,3,7,65,65,137,0,0,0,0,0,0,0,0,0,0,0,261,1,54.5,Ohio St.,College Stats
1,32,GNB,Derek Sherrod\SherDe00,T,22,2014,0,0,0,3,3,20,0,0,0,0,0,0,0,0,0,0,0,,,,Mississippi St.,College Stats
2,33,NWE,Ras-I Dowling\DowlRa00,DB,23,2014,0,0,0,1,1,12,0,0,0,0,0,0,0,0,0,0,0,8,,,Virginia,College Stats
2,34,BUF,Aaron Williams\WillAa00,DB,21,2016,0,0,4,18,18,59,0,0,0,0,0,0,0,0,0,0,0,184,7,,Texas,College Stats
2,35,CIN,Andy Dalton\DaltAn00,QB,23,2020,0,3,9,81,81,134,2757,4450,31594,204,118,394,1221,22,2,14,1,,,,TCU,College Stats
2,36,SFO,Colin Kaepernick\KaepCo00,QB,23,2016,0,0,4,45,45,69,1011,1692,12271,72,30,375,2300,13,0,0,0,,,,Nevada,College Stats
2,37,CLE,Jabaal Sheard\SheaJa00,DE,22,2019,0,0,7,48,23,134,0,0,0,0,0,0,0,0,0,0,0,264,,51.5,Pittsburgh,College Stats
2,38,ARI,Ryan Williams\WillRy00,RB,21,2014,0,0,0,1,1,5,0,0,0,0,0,58,164,0,7,44,0,,,,Virginia Tech,College Stats
2,39,TEN,Akeem Ayers\AyerAk00,LB,22,2017,0,0,4,28,17,97,0,0,0,0,0,0,0,0,0,0,0,221,4,15.5,UCLA,College Stats
2,40,DAL,Bruce Carter\CartBr00,LB,23,2018,0,0,3,19,15,101,0,0,0,0,0,0,0,0,0,0,0,234,5,5.0,North Carolina,College Stats
2,41,WAS,Jarvis Jenkins\JenkJa01,DT,23,2018,0,0,3,23,13,98,0,0,0,0,0,0,0,0,0,0,0,87,,7.0,Clemson,College Stats
2,42,HOU,Brooks Reed\ReedBr00,LB,24,2019,0,0,6,36,24,129,0,0,0,0,0,0,0,0,0,0,0,188,1,22.5,Arizona,College Stats
2,43,MIN,Kyle Rudolph\RudoKy00,TE,21,2020,0,2,8,32,32,131,0,0,0,0,0,0,0,0,429,4193,48,,,,Notre Dame,College Stats
2,44,DET,Titus Young\YounTi00,WR,22,2012,0,0,2,8,8,26,0,0,0,0,0,4,31,0,81,990,10,,,,Boise St.,College Stats
2,45,DEN,Rahim Moore\MoorRa00,DB,21,2015,0,0,3,20,18,64,0,0,0,0,0,0,0,0,0,0,0,180,9,1.0,UCLA,College Stats
2,46,DEN,Orlando Franklin\FranOr00,T,23,2017,0,0,6,41,32,90,0,0,0,0,0,0,0,0,0,0,0,,,,Miami (FL),College Stats
2,47,STL,Lance Kendricks\KendLa00,TE,23,2019,0,0,6,16,13,137,0,0,0,0,0,1,-8,0,244,2555,19,6,,,Wisconsin,College Stats
2,48,OAK,Stefen Wisniewski\WisnSt01,C,22,2020,0,0,6,38,21,135,0,0,0,0,0,0,0,0,0,0,0,,,,Penn St.,
2,49,IND,Ben Ijalana\IjalBe00,T,22,2017,0,0,1,7,0,34,0,0,0,0,0,0,0,0,0,0,0,,,,Villanova,
2,50,SDG,Marcus Gilchrist\GilcMa00,DB,22,2019,0,0,6,32,14,126,0,0,0,0,0,0,0,0,0,0,0,379,14,4.0,Clemson,College Stats
2,51,TAM,Da'Quan Bowers\BoweDa00,DE,21,2015,0,0,0,7,7,53,0,0,0,0,0,0,0,0,0,0,0,46,,7.0,Clemson,College Stats
2,52,NYG,Marvin Austin\AustMa00,DT,22,2014,0,0,0,2,1,26,0,0,0,0,0,0,0,0,0,0,0,15,,,North Carolina,College Stats
2,53,CHI,Stephen Paea\PaeaSt00,DT,23,2017,0,0,3,22,18,83,0,0,0,0,0,0,0,0,0,0,0,76,,14.0,Oregon St.,College Stats
2,54,PHI,Jaiquawn Jarrett\JarrJa00,DB,21,2015,0,0,0,5,1,47,0,0,0,0,0,0,0,0,0,0,0,62,2,1.5,Temple,College Stats
2,55,KAN,Rodney Hudson\HudsRo00,C,22,2020,0,3,7,48,13,130,0,0,0,0,0,0,0,0,0,0,0,,,,Florida St.,College Stats
2,56,NWE,Shane Vereen\VereSh00,RB,22,2017,0,0,1,25,16,79,0,1,0,0,1,356,1489,8,221,1865,11,1,,,California,College Stats
2,57,DET,Mikel Leshoure\LeshMi00,RB,21,2013,0,0,1,5,5,17,0,0,0,0,0,217,807,9,34,214,0,,,,Illinois,College Stats
2,58,BAL,Torrey Smith\SmitTo02,WR,22,2018,0,0,7,38,29,119,0,0,0,0,0,8,45,0,319,5141,41,,,,Maryland,College Stats
2,59,CLE,Greg Little\LittGr00,WR,22,2014,0,0,3,13,12,54,0,0,0,0,0,5,30,0,161,1890,8,1,,,North Carolina,College Stats
2,60,HOU,Brandon Harris\HarrBr00,DB,21,2014,0,0,0,3,2,42,0,0,0,0,0,0,0,0,0,0,0,38,,,Miami (FL),College Stats
2,61,SDG,Jonas Mouton\MoutJo00,LB,23,2012,0,0,0,0,0,3,0,0,0,0,0,0,0,0,0,0,0,1,,,Michigan,College Stats
2,62,MIA,Daniel Thomas\ThomDa03,RB,23,2014,0,0,0,11,11,52,0,0,0,0,0,409,1480,10,55,412,3,3,,,Kansas St.,College Stats
2,63,PIT,Marcus Gilbert\GilbMa00,T,23,2018,0,0,5,42,42,88,0,0,0,0,0,0,0,0,0,0,0,,,,Florida,College Stats
2,64,GNB,Randall Cobb\CobbRa00,WR,21,2020,0,1,5,58,52,123,1,3,10,0,0,62,363,0,536,6529,45,1,,,Kentucky,College Stats
3,65,CAR,Terrell McClain\McClTe00,DT,23,2019,0,0,2,16,4,92,0,0,0,0,0,0,0,0,0,0,0,86,,7.5,South Florida,College Stats
3,66,CIN,Dontay Moch\MochDo00,LB,23,2014,0,0,0,0,0,8,0,0,0,0,0,0,0,0,0,0,0,7,,1.0,Nevada,College Stats
3,67,DEN,Nate Irving\IrviNa00,LB,23,2015,0,0,1,9,9,62,0,0,0,0,0,0,0,0,0,0,0,79,,3.0,North Carolina St.,College Stats
3,68,BUF,Kelvin Sheppard\ShepKe00,LB,23,2018,0,0,4,26,8,107,0,0,0,0,0,0,0,0,0,0,0,281,2,3.0,LSU,College Stats
3,69,ARI,Rob Housler\HousRo01,TE,23,2015,0,0,3,9,9,65,0,0,0,0,0,1,1,0,109,1166,1,4,,,Florida Atlantic,College Stats
3,70,KAN,Justin Houston\HousJu00,LB,22,2020,1,4,8,62,56,121,0,0,0,0,0,0,0,0,0,0,0,356,4,92.0,Georgia,College Stats
3,71,DAL,DeMarco Murray\MurrDe00,RB,23,2017,1,3,7,62,42,99,1,2,10,1,0,1604,7174,49,307,2165,6,,,,Oklahoma,College Stats
3,72,NOR,Martez Wilson\WilsMa01,LB,22,2013,0,0,0,3,3,38,0,0,0,0,0,0,0,0,0,0,0,25,,5.0,Illinois,College Stats
3,73,NWE,Stevan Ridley\RidlSt00,RB,22,2018,0,0,1,25,23,73,0,0,0,0,0,743,3102,24,30,162,0,1,,,LSU,College Stats
3,74,NWE,Ryan Mallett\MallRy00,QB,23,2017,0,0,0,4,0,21,190,345,1835,9,10,28,-5,1,0,0,0,,,,Arkansas,College Stats
3,75,SEA,John Moffitt\MoffJo00,G,24,2013,0,0,1,6,6,19,0,0,0,0,0,0,0,0,0,0,0,,,,Wisconsin,
3,76,JAX,Will Rackley\RackWi01,G,21,2014,0,0,2,8,8,26,0,0,0,0,0,0,0,0,0,0,0,,,,Lehigh,
3,77,TEN,Jurrell Casey\CaseJu00,DT,21,2020,0,5,9,70,70,142,0,0,0,0,0,0,0,0,0,0,0,332,,51.0,USC,College Stats
3,78,STL,Austin Pettis\PettAu00,WR,23,2014,0,0,0,8,8,51,0,0,0,0,0,1,-6,0,107,1034,9,1,,,Boise St.,College Stats
3,79,WAS,Leonard Hankerson\HankLe00,WR,23,2015,0,0,1,12,9,41,0,0,0,0,0,2,5,0,107,1408,9,,,,Miami (FL),College Stats
3,80,SFO,Chris Culliver\CullCh00,DB,23,2015,0,0,1,13,11,52,0,0,0,0,0,0,0,0,0,0,0,126,7,,South Carolina,College Stats
3,81,OAK,DeMarcus Van Dyke\VanDDe00,DB,22,2014,0,0,0,3,2,25,0,0,0,0,0,0,0,0,0,0,0,14,1,,Miami (FL),College Stats
3,82,SDG,Vincent Brown\BrowVi00,WR,22,2015,0,0,1,9,8,38,0,0,0,0,0,0,0,0,73,941,3,,,,San Diego St.,College Stats
3,83,NYG,Jerrel Jernigan\JernJe00,WR,22,2014,0,0,0,2,2,34,0,0,0,0,0,4,61,1,38,391,2,1,,,Troy,College Stats
3,84,TAM,Mason Foster\FostMa00,LB,22,2018,0,0,6,39,20,107,0,0,0,0,0,0,0,0,0,0,0,460,8,8.5,Washington,College Stats
3,85,BAL,Jah Reid\ReidJa00,T,23,2016,0,0,2,10,5,61,0,0,0,0,0,0,0,0,0,0,0,,,,Central Florida,
3,86,KAN,Allen Bailey\BailAl00,DE,22,2020,0,0,3,31,29,120,0,0,0,0,0,0,0,0,0,0,0,159,,20.5,Miami (FL),College Stats
3,87,IND,Drake Nevis\NeviDr00,DT,22,2013,0,0,0,4,3,26,0,0,0,0,0,0,0,0,0,0,0,27,,1.0,LSU,College Stats
3,88,NOR,Johnny Patrick\PatrJo00,DB,23,2013,0,0,0,4,2,37,0,0,0,0,0,0,0,0,0,0,0,62,1,1.5,Louisville,College Stats
3,89,SDG,Shareece Wright\WrigSh00,DB,24,2018,0,0,2,19,10,91,0,0,0,0,0,0,0,0,0,0,0,269,2,,USC,College Stats
3,90,PHI,Curtis Marsh\MarsCu01,DB,23,2014,0,0,0,1,1,26,0,0,0,0,0,0,0,0,0,0,0,13,,,Utah St.,College Stats
3,91,ATL,Akeem Dent\DentAk00,LB,23,2016,0,0,2,17,9,90,0,0,0,0,0,0,0,0,0,0,0,130,,2.5,Georgia,College Stats
3,92,OAK,Joe Barksdale\BarkJo00,T,23,2018,0,0,5,37,1,106,0,0,0,0,0,0,0,0,0,0,0,,,,LSU,College Stats
3,93,CHI,Chris Conte\ContCh00,DB,22,2018,0,0,7,28,17,104,0,0,0,0,0,0,0,0,0,0,0,369,14,,California,College Stats
3,94,NYJ,Kenrick Ellis\ElliKe01,DT,23,2015,0,0,0,8,8,56,0,0,0,0,0,0,0,0,0,0,0,34,,1.0,Hampton,
3,95,PIT,Curtis Brown\BrowCu01,DB,22,2013,0,0,0,2,2,34,0,0,0,0,0,0,0,0,0,0,0,41,,,Texas,College Stats
3,96,GNB,Alex Green\GreeAl00,RB,23,2013,0,0,0,5,5,29,0,0,0,0,0,149,510,0,21,139,0,3,,,Hawaii,College Stats
3,97,CAR,Sione Fua\FuaxSi00,DT,23,2014,0,0,1,5,4,40,0,0,0,0,0,0,0,0,0,0,0,15,,,Stanford,College Stats
4,98,CAR,Brandon Hogan\HogaBr00,DB,23,2011,0,0,0,0,0,3,0,0,0,0,0,0,0,0,0,0,0,2,,,West Virginia,College Stats
4,99,SEA,K.J. Wright\WrigK.00,LB,22,2020,0,1,9,59,59,131,0,0,0,0,0,0,0,0,0,0,0,543,5,11.5,Mississippi St.,College Stats
4,100,BUF,Da'Norris Searcy\SearDa00,DB,22,2018,0,0,3,25,11,109,0,0,0,0,0,0,0,0,0,0,0,240,8,4.5,North Carolina,College Stats
4,101,CIN,Clint Boling\BoliCl00,G,22,2018,0,0,7,42,42,111,0,0,0,0,0,0,0,0,0,0,0,,,,Georgia,College Stats
4,102,CLE,Jordan Cameron\CameJo00,TE,23,2016,0,1,4,13,10,66,0,0,0,0,0,0,0,0,173,2046,14,1,,,USC,College Stats
4,103,ARI,Sam Acho\AchoSa00,DE,23,2019,0,0,4,30,19,110,0,0,0,0,0,0,0,0,0,0,0,178,3,18.0,Texas,College Stats
4,104,TAM,Luke Stocker\StocLu00,TE,23,2020,0,0,6,4,3,117,0,0,0,0,0,1,0,0,77,636,5,6,,,Tennessee,College Stats
4,105,WAS,Roy Helu\HeluRo00,RB,22,2015,0,0,1,13,13,57,0,0,0,0,0,272,1171,7,138,1227,4,3,,,Nebraska,College Stats
4,106,MIN,Christian Ballard\BallCh00,DT,22,2012,0,0,0,3,3,32,0,0,0,0,0,0,0,0,0,0,0,16,,1.0,Iowa,College Stats
4,107,SEA,Kris Durham\DurhKr00,WR,23,2014,0,0,1,5,0,27,0,0,0,0,0,0,0,0,55,699,3,,,,Georgia,College Stats
4,108,DEN,Quinton Carter\CartQu01,DB,23,2014,0,0,1,5,5,30,0,0,0,0,0,0,0,0,0,0,0,63,,2.0,Oklahoma,College Stats
4,109,TEN,Colin McCarthy\McCaCo00,LB,22,2014,0,0,1,11,11,36,0,0,0,0,0,0,0,0,0,0,0,117,3,,Miami (FL),College Stats
4,110,DAL,David Arkin\ArkiDa00,G,23,2016,0,0,0,0,0,4,0,0,0,0,0,0,0,0,0,0,0,,,,Missouri State,
4,111,MIA,Clyde Gates\GateCl00,WR,25,2013,0,0,0,3,0,32,0,0,0,0,0,2,16,0,30,365,0,,,,Abilene Christian,
4,112,STL,Greg Salas\SalaGr00,WR,23,2016,0,0,0,4,1,29,0,0,0,0,0,2,28,1,50,704,1,2,,,Hawaii,College Stats
4,113,OAK,Chimdi Chekwa\ChekCh00,DB,22,2016,0,0,0,2,2,35,0,0,0,0,0,0,0,0,1,22,0,46,,,Ohio St.,College Stats
4,114,JAX,Cecil Shorts\ShorCe00,WR,23,2016,0,0,4,19,14,70,3,3,53,2,0,11,43,0,229,2979,14,,,,Mount Union,
4,115,SFO,Kendall Hunter\HuntKe00,RB,22,2015,0,0,0,12,12,45,0,0,0,0,0,263,1204,7,27,268,0,6,,,Oklahoma St.,College Stats
4,116,PHI,Casey Matthews\MattCa00,LB,22,2014,0,0,1,10,10,64,0,0,0,0,0,0,0,0,0,0,0,81,,2.5,Oregon,College Stats
4,117,NYG,James Brewer\BrewJa00,T,23,2014,0,0,0,4,4,26,0,0,0,0,0,0,0,0,0,0,0,,,,Indiana,
4,118,KAN,Jalil Brown\BrowJa00,DB,23,2015,0,0,0,4,2,49,0,0,0,0,0,0,0,0,0,0,0,55,,,Colorado,College Stats
4,119,IND,Delone Carter\CartDe01,RB,24,2013,0,0,0,3,3,27,0,0,0,0,0,133,499,5,6,31,0,,,,Syracuse,College Stats
4,120,PHI,Alex Henery\HeneAl00,K,24,2014,0,0,0,8,9,50,0,0,0,0,0,0,0,0,0,0,0,4,,,Nebraska,College Stats
4,121,JAX,Chris Prosinski\ProsCh00,DB,24,2017,0,0,0,10,6,88,0,0,0,0,0,1,2,0,0,0,0,127,1,1.0,Wyoming,College Stats
4,122,BUF,Chris Hairston\HairCh00,T,22,2017,0,0,2,18,10,74,0,0,0,0,0,0,0,0,0,0,0,,,,Clemson,College Stats
4,123,BAL,Tandon Doss\DossTa00,WR,21,2014,0,0,0,4,4,35,0,0,0,0,0,0,0,0,26,428,1,1,,,Indiana,College Stats
4,124,CLE,Owen Marecic\MareOw00,RB,22,2012,0,0,0,0,0,24,0,0,0,0,0,4,8,0,5,31,0,3,,,Stanford,College Stats
4,125,OAK,Taiwan Jones\JoneTa00,RB,23,2020,0,0,0,3,3,94,0,0,0,0,0,53,223,0,19,260,1,50,,,East. Washington,
4,126,NYJ,Bilal Powell\PoweBi00,RB,22,2019,0,0,3,26,26,109,1,2,30,0,0,850,3675,15,211,1600,5,5,,,Louisville,College Stats
4,127,HOU,Roc Carmichael\CarmRo00,DB,22,2014,0,0,0,1,0,19,0,0,0,0,0,0,0,0,0,0,0,22,,,Virginia Tech,College Stats
4,128,PIT,Cortez Allen\AlleCo00,DB,22,2015,0,0,0,10,10,56,0,0,0,0,0,0,0,0,0,0,0,138,6,,The Citadel,
4,129,DEN,Julius Thomas\ThomJu00,TE,23,2017,0,2,5,21,13,71,0,0,0,0,0,0,0,0,226,2406,36,,,,Portland St.,
4,130,TEN,Jamie Harper\HarpJa01,RB,21,2012,0,0,0,0,0,23,0,0,0,0,0,36,74,4,5,40,0,2,,,Clemson,College Stats
4,131,GNB,Davon House\HousDa00,DB,22,2018,0,0,2,16,9,87,0,0,0,0,0,0,0,0,0,0,0,185,7,3.0,New Mexico St.,College Stats
5,132,CAR,Kealoha Pilares\PilaKe00,WR,23,2012,0,0,0,1,1,20,0,0,0,0,0,1,17,0,2,42,1,6,,,Hawaii,College Stats
5,133,BUF,Johnny White\WhitJo01,RB,23,2012,0,0,0,0,0,19,0,0,0,0,0,20,72,0,1,-3,0,6,,,North Carolina,College Stats
5,134,CIN,Robert Sands\SandRo00,DB,21,2012,0,0,0,0,0,1,0,0,0,0,0,0,0,0,0,0,0,,,,West Virginia,College Stats
5,135,KAN,Ricky Stanzi\StanRi00,QB,24,2014,0,0,0,0,0,0,0,0,0,0,0,0,0,0,0,0,0,,,,Iowa,College Stats
5,136,ARI,Anthony Sherman\SherAn00,RB,22,2020,0,1,3,6,1,142,0,0,0,0,0,26,67,1,65,547,3,57,,,Connecticut,College Stats
5,137,CLE,Buster Skrine\SkriBu00,DB,22,2020,0,0,4,32,14,142,0,0,0,0,0,0,0,0,0,0,0,441,9,3.5,Tenn-Chattanooga,
5,138,NWE,Marcus Cannon\CannMa00,T,23,2019,0,0,5,45,45,115,0,0,0,0,0,0,0,0,0,0,0,,,,TCU,College Stats
5,139,MIN,Brandon Burton\BurtBr00,DB,22,2013,0,0,0,1,1,23,0,0,0,0,0,0,0,0,0,0,0,11,,,Southern Utah,College Stats
5,140,KAN,Gabe Miller\MillGa00,LB,23,2014,0,0,0,0,,7,0,0,0,0,0,0,0,0,0,0,0,2,,,Oregon St.,College Stats
5,141,GNB,D.J. Williams\WillD.00,TE,22,2014,0,0,0,1,1,35,0,0,0,0,0,0,0,0,9,70,0,3,,,Arkansas,College Stats
5,142,TEN,Karl Klug\KlugKa00,DT,23,2017,0,0,0,14,14,109,0,0,0,0,0,0,0,0,1,9,0,87,,21.5,Iowa,College Stats
5,143,DAL,Josh Thomas\ThomJo01,DB,22,2015,0,0,0,7,0,52,0,0,0,0,0,0,0,0,0,0,0,55,1,,Buffalo,College Stats
5,144,HOU,Shiloh Keo\KeoxSh00,DB,23,2016,0,0,1,9,7,56,0,0,0,0,0,1,8,0,0,0,0,78,3,,Idaho,College Stats
5,145,ATL,Jacquizz Rodgers\RodgJa00,RB,21,2018,0,0,0,24,17,110,0,0,0,0,0,545,2067,9,216,1590,5,11,,,Oregon St.,College Stats
5,146,WAS,DeJon Gomes\GomeDe00,DB,21,2013,0,0,0,5,4,46,0,0,0,0,0,0,0,0,0,0,0,55,1,,Nebraska,College Stats
5,147,JAX,Rod Issac\IssaRo00,DB,22,2011,0,0,0,0,0,3,0,0,0,0,0,0,0,0,0,0,0,,,,Middle Tenn. St.,College Stats
5,148,OAK,Denarius Moore\MoorDe02,WR,22,2015,0,0,3,15,15,57,0,0,0,0,0,7,57,1,142,2169,17,,,,Tennessee,College Stats
5,149,PHI,Dion Lewis\LewiDi00,RB,20,2020,0,0,2,29,1,89,0,0,0,0,0,550,2331,12,177,1327,7,1,,,Pittsburgh,College Stats
5,150,CLE,Jason Pinkston\PinkJa00,T,24,2013,0,0,1,8,8,25,0,0,0,0,0,0,0,0,0,0,0,,,,Pittsburgh,
5,151,TAM,Ahmad Black\BlacAh00,DB,21,2013,0,0,0,3,3,24,0,0,0,0,0,0,0,0,0,0,0,41,2,,Florida,College Stats
5,152,HOU,T.J. Yates\YateT.00,QB,24,2017,0,0,0,6,6,22,179,324,2057,10,11,28,107,1,0,0,0,,,,North Carolina,College Stats
5,153,NYJ,Jeremy Kerley\KerlJe00,WR,22,2018,0,0,4,23,19,99,2,4,83,0,0,18,133,0,270,3116,13,1,,,TCU,College Stats
5,154,SEA,Richard Sherman\SherRi00,DB,23,2020,3,5,9,89,76,135,0,0,0,0,0,0,0,0,0,0,0,362,35,2.0,Stanford,College Stats
5,155,WAS,Niles Paul\PaulNi00,WR,22,2018,0,0,1,7,6,88,0,0,0,0,0,5,7,0,78,954,2,26,,,Nebraska,College Stats
5,156,SEA,Mark LeGree\LegrMa00,DB,22,,0,0,0,,,,,,,,,,,,,,,,,,Appalachian St.,
5,157,DET,Doug Hogue\HoguDo01,LB,22,2012,0,0,0,2,1,27,0,0,0,0,0,0,0,0,0,0,0,11,,,Syracuse,College Stats
5,158,STL,Jermale Hines\HineJe00,DB,23,2011,0,0,0,0,,10,0,0,0,0,0,0,0,0,0,0,0,3,,,Ohio St.,College Stats
5,159,NWE,Lee Smith\SmitLe00,TE,23,2020,0,0,4,4,,124,0,0,0,0,0,0,0,0,61,424,9,3,,,Marshall,College Stats
5,160,CHI,Nathan Enderle\EndeNa00,QB,23,,0,0,0,,,,,,,,,,,,,,,,,,Idaho,College Stats
5,161,PHI,Julian Vandervelde\VandJu00,G,23,2015,0,0,0,1,1,18,0,0,0,0,0,0,0,0,0,0,0,,,,Iowa,College Stats
5,162,PIT,Chris Carter\CartCh00,LB,22,2017,0,0,0,6,3,75,0,0,0,0,0,0,0,0,0,0,0,27,,,Fresno St.,College Stats
5,163,SFO,Daniel Kilgore\KilgDa00,G,23,2019,0,0,3,23,16,91,0,0,0,0,0,0,0,0,0,0,0,,,,Appalachian St.,
5,164,BAL,Chykie Brown\BrowCh05,DB,24,2016,0,0,0,5,3,59,0,0,0,0,0,0,0,0,0,0,0,68,,,Texas,College Stats
5,165,BAL,Pernell McPhee\McPhPe00,DE,22,2020,0,0,2,23,12,118,0,0,0,0,0,0,0,0,0,0,0,165,1,34.0,Mississippi St.,College Stats
6,166,CAR,Lawrence Wilson\WilsLa01,LB,23,,0,0,0,,,,,,,,,,,,,,,,,,Central Connecticut St.,College Stats
6,167,CIN,Ryan Whalen\WhalRy00,WR,22,2013,0,0,0,0,0,17,0,0,0,0,0,0,0,0,11,80,0,2,,,Stanford,College Stats
6,168,MIN,Demarcus Love\LoveDe00,OL,23,2014,0,0,0,0,0,0,0,0,0,0,0,0,0,0,0,0,0,,,,Arkansas,College Stats
6,169,BUF,Chris White\WhitCh03,LB,22,2014,0,0,0,4,2,51,0,0,0,0,0,0,0,0,0,0,0,26,,,Mississippi St.,College Stats
6,170,MIN,Mistral Raymond\RaymMi00,DB,24,2014,0,0,0,4,4,32,0,0,0,0,0,0,0,0,0,0,0,34,1,,South Florida,College Stats
6,171,ARI,Quan Sturdivant\SturQu00,LB,22,2012,0,0,0,0,,,0,0,0,0,0,0,0,0,0,0,0,,,,North Carolina,College Stats
6,172,MIN,Brandon Fusco\FuscBr00,C,23,2018,0,0,6,34,24,90,0,0,0,0,0,0,0,0,0,0,0,,,,Slippery Rock,
6,173,SEA,Byron Maxwell\MaxwBy00,DB,23,2017,0,0,3,21,11,83,0,0,0,0,0,0,0,0,0,0,0,203,11,,Clemson,College Stats
6,174,MIA,Charles Clay\ClayCh00,TE,22,2019,0,0,9,28,12,127,0,0,0,0,0,7,15,1,357,3868,24,,,,Tulsa,College Stats
6,175,TEN,Byron Stingily\StinBy00,T,22,2014,0,0,0,4,4,20,0,0,0,0,0,0,0,0,0,0,0,,,,Louisville,
6,176,DAL,Dwayne Harris\HarrDw00,WR,23,2019,0,1,0,12,6,106,0,0,0,0,0,9,37,0,77,874,8,41,,,East Carolina,College Stats
6,177,WAS,Evan Royster\RoysEv00,RB,23,2013,0,0,0,4,4,32,0,0,0,0,0,81,416,2,25,180,0,3,,,Penn St.,College Stats
6,178,WAS,Aldrick Robinson\RobiAl00,WR,22,2018,0,0,0,12,4,84,0,0,0,0,0,4,10,0,86,1422,14,6,,,SMU,College Stats
6,179,GNB,Caleb Schlauderaff\SchlCa00,G,23,2013,0,0,0,1,,12,0,0,0,0,0,0,0,0,0,0,0,,,,Southern Utah,
6,180,BAL,Tyrod Taylor\TaylTy00,QB,22,2020,0,1,3,41,1,71,855,1392,9770,54,20,342,1850,16,2,10,0,,,,Virginia Tech,College Stats
6,181,OAK,Richard Gordon\GordRi00,TE,24,2015,0,0,0,0,0,35,0,0,0,0,0,0,0,0,4,14,1,18,,,Miami (FL),College Stats
6,182,SFO,Ronald Johnson\JohnRo05,WR,23,2012,0,0,0,0,,,0,0,0,0,0,0,0,0,0,0,0,,,,USC,College Stats
6,183,SDG,Jordan Todman\TodmJo00,RB,21,2017,0,0,0,5,0,75,0,0,0,0,0,124,531,3,40,314,2,20,,,Connecticut,College Stats
6,184,ARI,David Carter\CartDa01,DT,23,2013,0,0,0,5,5,35,0,0,0,0,0,0,0,0,0,0,0,18,,1.0,UCLA,College Stats
6,185,NYG,Greg Jones\JoneGr02,LB,22,2012,0,0,0,3,3,22,0,0,0,0,0,0,0,0,0,0,0,26,,,Michigan St.,College Stats
6,186,GNB,D.J. Smith\SmitD.00,LB,22,2014,0,0,0,6,6,24,0,0,0,0,0,0,0,0,0,0,0,62,1,2.0,Appalachian St.,
6,187,TAM,Allen Bradford\BradAl00,RB,23,2015,0,0,0,1,0,19,0,0,0,0,0,5,13,0,0,0,0,9,,,USC,College Stats
6,188,IND,Chris Rucker\RuckCh00,DB,22,2011,0,0,0,2,2,15,0,0,0,0,0,0,0,0,0,0,0,26,,,Michigan St.,
6,189,DEN,Mike Mohamed\MohaMi00,LB,23,2015,0,0,0,4,0,26,0,0,0,0,0,0,0,0,0,0,0,44,1,,California,College Stats
6,190,SFO,Colin Jones\JoneCo01,DB,23,2019,0,0,0,12,1,137,0,0,0,0,0,1,5,0,0,0,0,93,3,1.0,TCU,College Stats
6,191,PHI,Jason Kelce\KelcJa00,C,23,2020,3,3,8,67,67,129,0,0,0,0,0,0,0,0,0,0,0,,,,Cincinnati,College Stats
6,192,ATL,Matthew Bosher\BoshMa00,K,23,2019,0,0,0,14,14,130,0,0,0,0,0,1,0,0,0,0,0,21,,,Miami (FL),College Stats
6,193,PHI,Brian Rolle\RollBr00,LB,22,2012,0,0,1,6,6,20,0,0,0,0,0,0,0,0,0,0,0,45,,1.0,Ohio St.,College Stats
6,194,NWE,Markell Carter\CartMa01,LB,21,,0,0,0,,,,,,,,,,,,,,,,,,Central Arkansas,
6,195,CHI,J.T. Thomas\ThomJ.02,LB,23,2017,0,0,2,12,1,62,0,0,0,0,0,0,0,0,0,0,0,102,2,0.5,West Virginia,College Stats
6,196,PIT,Keith Williams\WillKe04,G,23,2012,0,0,0,0,,2,0,0,0,0,0,0,0,0,0,0,0,,,,Nebraska,College Stats
6,197,GNB,Ricky Elmore\ElmoRi00,DL,23,2012,0,0,0,0,,,0,0,0,0,0,0,0,0,0,0,0,,,,Arizona,College Stats
6,198,NYG,Tyler Sash\SashTy00,DB,23,2012,0,0,0,1,1,23,0,0,0,0,0,0,0,0,0,0,0,17,,,Iowa,College Stats
6,199,KAN,Jerrell Powe\PoweJe00,DT,24,2014,0,0,0,4,2,28,0,0,0,0,0,0,0,0,0,0,0,12,,1.0,Mississippi,College Stats
6,200,MIN,Ross Homan\HomaRo00,LB,24,,0,0,0,,,,,,,,,,,,,,,,,,Ohio St.,College Stats
6,201,SDG,Stephen Schilling\SchiSt00,G,23,2014,0,0,0,5,3,26,0,0,0,0,0,0,0,0,0,0,0,,,,Michigan,College Stats
6,202,NYG,Jacquian Williams\WillJa02,LB,23,2014,0,0,1,13,13,51,0,0,0,0,0,0,0,0,0,0,0,173,,2.0,South Florida,College Stats
6,203,CAR,Zachary Williams\WillZa00,OL,22,,0,0,0,,,,,,,,,,,,,,,,,,Washington St.,
7,204,DEN,Virgil Green\GreeVi00,TE,23,2020,0,0,5,8,5,134,0,0,0,0,0,2,3,0,100,1105,6,15,,,Nevada,College Stats
7,205,SEA,Lazarius Levingston\LeviLa00,DL,23,2012,0,0,0,0,0,7,0,0,0,0,0,0,0,0,0,0,0,3,,,LSU,College Stats
7,206,BUF,Justin Rogers\RogeJu00,DB,23,2015,0,0,0,4,4,43,0,0,0,0,0,0,0,0,0,0,0,66,3,,Richmond,
7,207,CIN,Korey Lindsey\LindKo00,DB,22,2012,0,0,0,0,,,0,0,0,0,0,0,0,0,0,0,0,,,,Southern Illinois,
7,208,NYJ,Greg McElroy\McElGr00,QB,23,2012,0,0,0,1,1,2,19,31,214,1,1,8,30,0,0,0,0,,,,Alabama,College Stats
7,209,DET,Johnny Culbreath\CulbJo00,OL,23,,0,0,0,,,,,,,,,,,,,,,,,,South Carolina St.,
7,210,ATL,Andrew Jackson\JackAn00,OL,22,2012,0,0,0,0,,,0,0,0,0,0,0,0,0,0,0,0,,,,Fresno St.,College Stats
7,211,SFO,Bruce Miller\MillBr02,DE,24,2020,0,0,4,7,7,80,0,0,0,0,0,28,62,1,77,736,3,25,,,Central Florida,College Stats
7,212,TEN,Zach Clayton\ClayZa00,DT,23,2012,0,0,0,0,0,3,0,0,0,0,0,0,0,0,0,0,0,2,,,Auburn,College Stats
7,213,WAS,Brandyn Thompson\ThomBr00,DB,21,2011,0,0,0,1,1,6,0,0,0,0,0,0,0,0,0,0,0,2,,,Boise St.,College Stats
7,214,HOU,Derek Newton\NewtDe00,T,23,2018,0,0,4,28,28,83,0,0,0,0,0,0,0,0,0,0,0,,,,Arkansas St.,College Stats
7,215,MIN,D'Aundre Reed\ReedD'00,DE,23,2012,0,0,0,0,0,6,0,0,0,0,0,0,0,0,0,0,0,,,,Arizona,College Stats
7,216,STL,Mikail Baker\BakeMi00,DB,24,,0,0,0,,,,,,,,,,,,,,,,,,Baylor,College Stats
7,217,WAS,Maurice Hurt\HurtMa00,G,23,2012,0,0,1,5,5,21,0,0,0,0,0,0,0,0,0,0,0,,,,Florida,
7,218,GNB,Ryan Taylor\TaylRy00,TE,23,2014,0,0,0,0,0,59,0,0,0,0,0,0,0,0,8,45,1,15,,,North Carolina,College Stats
7,219,NWE,Malcolm Williams\WillMa01,DB,23,2012,0,0,0,0,0,4,0,0,0,0,0,0,0,0,0,0,0,1,,,TCU,College Stats
7,220,DAL,Shaun Chapas\ChapSh00,RB,23,2012,0,0,0,0,0,6,0,0,0,0,0,0,0,0,2,15,0,,,,Georgia,College Stats
7,221,NYG,Da'Rel Scott\ScotDa01,RB,23,2013,0,0,0,1,1,20,0,0,0,0,0,31,98,0,13,115,1,2,,,Maryland,College Stats
7,222,TAM,Anthony Gaitor\GaitAn00,DB,22,2014,0,0,0,1,1,12,0,0,0,0,0,0,0,0,0,0,0,11,,,Florida International,College Stats
7,223,KAN,Shane Bannon\BannSh00,RB,22,,0,0,0,,,,,,,,,,,,,,,,,,Yale,
7,224,WAS,Markus White\WhitMa01,DE,23,2012,0,0,0,0,0,5,0,0,0,0,0,0,0,0,0,0,0,,,,Florida St.,College Stats
7,225,BAL,Anthony Allen\AlleAn01,RB,23,2012,0,0,0,1,1,21,0,0,0,0,0,19,69,1,2,12,0,11,,,Georgia Tech,College Stats
7,226,NOR,Greg Romeus\RomeGr00,DL,23,2012,0,0,0,0,0,,0,0,0,0,0,0,0,0,0,0,0,,,,Pittsburgh,College Stats
7,227,NYJ,Scotty McKnight\McKnSc00,WR,23,,0,0,0,,,,,,,,,,,,,,,,,,Colorado,College Stats
7,228,STL,Jabara Williams\WillJa12,LB,22,2012,0,0,0,0,0,7,0,0,0,0,0,0,0,0,0,0,0,1,,,S.F. Austin,
7,229,STL,Jonathan Nelson\NelsJo01,DB,23,2011,0,0,0,1,,2,0,0,0,0,0,0,0,0,0,0,0,6,1,,Oklahoma,College Stats
7,230,ATL,Cliff Matthews\MattCl01,DE,22,2016,0,0,0,3,3,35,0,0,0,0,0,0,0,0,0,0,0,20,,,South Carolina,College Stats
7,231,MIA,Frank Kearse\KearFr00,DT,22,2015,0,0,0,5,,35,0,0,0,0,0,0,0,0,0,0,0,29,,5.5,Alabama A&M,
7,232,PIT,Baron Batch\BatcBa00,RB,23,2012,0,0,0,1,1,12,0,0,0,0,0,25,49,1,4,31,0,4,,,Texas Tech,College Stats
7,233,GNB,Lawrence Guy\GuyxLa00,DT,21,2020,0,0,4,40,,118,0,0,0,0,0,0,0,0,0,0,0,168,1,11.5,Arizona St.,College Stats
7,234,SDG,Andrew Gachkar\GachAn00,LB,22,2017,0,0,0,10,7,101,0,0,0,0,0,0,0,0,0,0,0,112,,2.0,Missouri,College Stats
7,235,MIA,Jimmy Wilson\WilsJi00,DB,25,2015,0,0,1,12,9,73,0,0,0,0,0,0,0,0,0,0,0,166,5,3.0,Montana,
7,236,MIN,Stephen Burton\BurtSt00,WR,21,2013,0,0,0,0,0,19,0,0,0,0,0,1,-9,0,15,149,1,,,,Long Beach CC,
7,237,PHI,Greg Lloyd\LloyGr01,LB,22,2012,0,0,0,0,,2,0,0,0,0,0,0,0,0,0,0,0,,,,Connecticut,College Stats
7,238,TAM,Daniel Hardy\HardDa00,TE,24,,0,0,0,,,,,,,,,,,,,,,,,,Idaho,College Stats
7,239,SFO,Michael Person\PersMi00,G,23,2019,0,0,3,22,14,73,0,0,0,0,0,0,0,0,0,0,0,,,,Montana St.,
7,240,PHI,Stanley Havili\HaviSt00,RB,23,2014,0,0,1,1,0,28,0,0,0,0,0,13,29,1,25,171,1,11,,,USC,College Stats
7,241,OAK,David Ausberry\AusbDa00,WR,23,2014,0,0,0,1,1,34,0,0,0,0,0,1,-2,0,11,120,0,12,,,USC,College Stats
7,242,SEA,Malcolm Smith\SmitMa02,LB,22,2020,0,0,2,33,12,107,0,0,0,0,0,0,0,0,0,0,0,302,5,6.0,USC,College Stats
7,243,NOR,Nate Bussey\BussNa00,LB,22,2011,0,0,0,0,0,1,0,0,0,0,0,0,0,0,0,0,0,,,,Illinois,College Stats
7,244,CAR,Lee Ziemba\ZiemLe00,T,22,2012,0,0,0,1,1,6,0,0,0,0,0,0,0,0,0,0,0,,,,Auburn,College Stats
7,245,BUF,Michael Jasper\JaspMi00,DT,24,,0,0,0,,,,,,,,,,,,,,,,,,,
7,246,CIN,Jay Finley\FinlJa00,RB,23,,0,0,0,,,,,,,,,,,,,,,,,,Baylor,College Stats
7,247,DEN,Jeremy Beal\BealJe00,DL,23,2012,0,0,0,0,0,,0,0,0,0,0,0,0,0,0,0,0,,,,Oklahoma,College Stats
7,248,CLE,Eric Hagg\HaggEr00,DB,21,2012,0,0,0,3,3,22,0,0,0,0,0,0,0,0,0,0,0,30,,,Nebraska,College Stats
7,249,ARI,DeMarco Sampson\SampDe00,WR,25,2011,0,0,0,0,0,12,0,0,0,0,0,0,0,0,3,36,0,1,,,San Diego St.,College Stats
7,250,SFO,Curtis Holcomb\HolcCu00,DB,23,2012,0,0,0,0,,,0,0,0,0,0,0,0,0,0,0,0,,,,Florida A&M,
7,251,TEN,Tommie Campbell\CampTo00,DB,23,2014,0,0,0,4,4,44,0,0,0,0,0,0,0,0,0,0,0,27,,,Pittsburgh,College Stats
7,252,DAL,Bill Nagy\NagyBi00,G,23,2012,0,0,0,2,2,4,0,0,0,0,0,0,0,0,0,0,0,,,,Wisconsin,
7,253,WAS,Chris Neild\NeilCh00,DT,23,2014,0,0,0,2,2,24,0,0,0,0,0,0,0,0,0,0,0,8,,2.0,West Virginia,College Stats
7,254,HOU,Cheta Ozougwu\OzouCh00,DE,22,2014,0,0,0,1,,9,0,0,0,0,0,0,0,0,0,0,0,7,,1.0,Rice,College Stats