,,,,,,,Misc,Misc,,Approx Val,Approx Val,,Passing,Passing,Passing,Passing,Passing,Rushing,Rushing,Rushing,Receiving,Receiving,Receiving,,,,,
Rnd,Pick,Tm,Player,Pos,Age,To,AP1,PB,St,CarAV,DrAV,G,Cmp,Att,Yds,TD,Int,Att,Yds,TD,Rec,Yds,TD,Solo,Int,Sk,College/Univ,
1,1,IND,Andrew Luck\LuckAn00,QB,22,2018,0,4,5,71,71,86,2000,3290,23671,171,83,332,1590,14,1,4,0,,,,Stanford,College Stats
1,2,WAS,Robert Griffin III\GrifRo01,QB,22,2020,0,1,3,36,32,53,792,1255,9238,43,28,296,1739,10,0,0,0,,,,Baylor,College Stats
1,3,CLE,Trent Richardson\RichTr00,RB,22,2014,0,0,3,17,7,46,0,0,0,0,0,614,2032,17,113,912,2,,,,Alabama,College Stats
1,4,MIN,Matt Kalil\KaliMa00,T,23,2017,0,1,5,42,35,82,0,0,0,0,0,0,0,0,0,0,0,,,,USC,College Stats
1,5,JAX,Justin Blackmon\BlacJu00,WR,22,2014,0,0,1,9,9,20,0,0,0,0,0,3,22,0,93,1280,6,,,,Oklahoma St.,College Stats
1,6,DAL,Morris Claiborne\ClaiMo00,DB,22,2019,0,0,5,25,14,85,0,0,0,0,0,0,0,0,0,0,0,213,7,,LSU,College Stats
1,7,TAM,Mark Barron\BarrMa00,DB,22,2019,0,0,7,34,10,119,0,0,0,0,0,0,0,0,0,0,0,541,9,12.0,Alabama,College Stats
1,8,MIA,Ryan Tannehill\TannRy00,QB,24,2020,0,1,7,63,52,103,2100,3301,23985,151,82,302,1430,10,4,8,1,,,,Texas A&M,College Stats
1,9,CAR,Luke Kuechly\KuecLu00,LB,21,2019,5,7,8,91,91,118,0,0,0,0,0,0,0,0,0,0,0,690,18,12.5,Boston Col.,College Stats
1,10,BUF,Stephon Gilmore\GilmSt00,DB,21,2020,2,3,8,60,23,116,0,0,0,0,0,0,0,0,0,0,0,336,25,1.0,South Carolina,College Stats
1,11,KAN,Dontari Poe\PoexDo00,DT,22,2020,0,2,8,54,41,124,1,1,2,1,0,2,2,2,0,0,0,205,,20.5,Memphis,College Stats
1,12,PHI,Fletcher Cox\CoxxFl00,DT,21,2020,1,5,8,76,76,128,0,0,0,0,0,0,0,0,0,0,0,267,,49.0,Mississippi St.,College Stats
1,13,ARI,Michael Floyd\FloyMi00,WR,22,2018,0,0,3,28,27,102,0,0,0,0,0,1,2,0,266,3959,25,,,,Notre Dame,College Stats
1,14,STL,Michael Brockers\BrocMi00,DT,21,2020,0,0,8,48,48,126,0,0,0,0,0,0,0,0,0,0,0,234,,24.0,LSU,College Stats
1,15,SEA,Bruce Irvin\IrviBr00,DE,24,2020,0,0,5,40,21,121,0,0,0,0,0,0,0,0,0,0,0,214,3,52.0,West Virginia,College Stats
1,16,NYJ,Quinton Coples\CoplQu00,DE,22,2015,0,0,2,17,17,62,0,0,0,0,0,0,0,0,0,0,0,77,,16.5,North Carolina,College Stats
1,17,CIN,Dre Kirkpatrick\KirkDr00,DB,22,2020,0,0,4,27,27,102,0,0,0,0,0,0,0,0,0,0,0,263,10,3.0,Alabama,College Stats
1,18,SDG,Melvin Ingram\IngrMe00,DE,23,2020,0,3,5,51,51,108,0,0,0,0,0,1,0,0,0,0,0,262,3,49.0,South Carolina,College Stats
1,19,CHI,Shea McClellin\McClSh00,DE,23,2016,0,0,3,17,13,66,0,0,0,0,0,0,0,0,0,0,0,114,,8.5,Boise St.,College Stats
1,20,TEN,Kendall Wright\WrigKe01,WR,22,2017,0,0,3,28,24,82,0,0,0,0,0,11,90,0,339,3858,19,,,,Baylor,College Stats
1,21,NWE,Chandler Jones\JoneCh03,DE,22,2020,2,3,8,65,26,122,0,0,0,0,0,0,0,0,0,0,0,299,1,97.0,Syracuse,College Stats
1,22,CLE,Brandon Weeden\WeedBr00,QB,28,2018,0,0,1,14,11,35,559,965,6462,31,30,62,200,1,0,-9,0,,,,Oklahoma St.,College Stats
1,23,DET,Riley Reiff\ReifRi00,T,23,2020,0,0,7,55,32,123,0,0,0,0,0,0,0,0,0,0,0,,,,Iowa,College Stats
1,24,PIT,David DeCastro\DeCaDa00,G,22,2020,2,5,7,61,61,113,0,0,0,0,0,0,0,0,0,0,0,,,,Stanford,College Stats
1,25,NWE,Dont'a Hightower\HighDo01,LB,22,2019,0,2,7,60,60,102,0,0,0,0,0,0,0,0,0,0,0,314,1,25.5,Alabama,College Stats
1,26,HOU,Whitney Mercilus\MercWh00,DE,22,2020,0,0,7,45,45,118,0,0,0,0,0,0,0,0,0,0,0,221,2,50.0,Illinois,College Stats
1,27,CIN,Kevin Zeitler\ZeitKe00,G,22,2020,0,0,8,44,29,122,0,0,0,0,0,0,0,0,1,-4,0,,,,Wisconsin,College Stats
1,28,GNB,Nick Perry\PerrNi00,DE,22,2018,0,0,3,22,22,81,0,0,0,0,0,0,0,0,0,0,0,139,1,32.0,USC,College Stats
1,29,MIN,Harrison Smith\SmitHa00,DB,23,2020,1,5,7,56,56,117,0,0,0,0,0,0,0,0,0,0,0,517,24,13.0,Notre Dame,College Stats
1,30,SFO,A.J. Jenkins\JenkA.00,WR,22,2014,0,0,0,2,0,28,0,0,0,0,0,4,4,0,17,223,0,,,,Illinois,College Stats
1,31,TAM,Doug Martin\MartDo00,RB,23,2018,1,2,7,39,35,84,0,0,0,0,0,1322,5356,30,148,1207,2,,,,Boise St.,College Stats
1,32,NYG,David Wilson\WilsDa01,RB,21,2014,0,0,0,5,5,21,0,0,0,0,0,115,504,5,6,42,1,,,,Virginia Tech,College Stats
2,33,STL,Brian Quick\QuicBr00,WR,23,2018,0,0,0,11,10,84,0,0,0,0,0,0,0,0,114,1593,10,1,,,Appalachian St.,
2,34,IND,Coby Fleener\FleeCo00,TE,23,2017,0,0,4,25,17,87,0,0,0,0,0,1,2,1,255,3080,22,,1,,Stanford,College Stats
2,35,BAL,Courtney Upshaw\UpshCo00,LB,22,2017,0,0,3,27,24,90,0,0,0,0,0,0,0,0,0,0,0,131,,7.0,Alabama,College Stats
2,36,DEN,Derek Wolfe\WolfDe00,DT,22,2020,0,0,8,46,46,110,0,0,0,0,0,0,0,0,0,0,0,208,1,33.0,Cincinnati,College Stats
2,37,CLE,Mitchell Schwartz\SchwMi00,T,23,2020,1,0,8,79,20,130,0,0,0,0,0,0,0,0,0,0,0,,,,California,
2,38,JAX,Andre Branch\BranAn00,LB,23,2018,0,0,3,21,9,95,0,0,0,0,0,0,0,0,0,0,0,125,,25.5,Clemson,College Stats
2,39,STL,Janoris Jenkins\JenkJa03,DB,23,2020,0,1,8,45,22,118,0,0,0,0,0,0,0,0,0,0,0,424,24,2.0,North Alabama,College Stats
2,40,CAR,Amini Silatolu\SilaAm00,G,23,2018,0,0,1,16,16,54,0,0,0,0,0,0,0,0,0,0,0,,,,Midwestern St.,
2,41,BUF,Cordy Glenn\GlenCo00,G,22,2019,0,0,6,44,36,97,0,0,0,0,0,0,0,0,0,0,0,,,,Georgia,College Stats
2,42,MIA,Jonathan Martin\MartJo01,T,22,2014,0,0,2,15,11,38,0,0,0,0,0,0,0,0,0,0,0,,,,Stanford,
2,43,NYJ,Stephen Hill\HillSt00,WR,21,2014,0,0,2,4,4,23,0,0,0,0,0,0,0,0,45,594,4,,,,Georgia Tech,College Stats
2,44,KAN,Jeff Allen\AlleJe01,T,22,2019,0,0,4,26,17,84,0,0,0,0,0,0,0,0,0,0,0,1,,,Illinois,College Stats
2,45,CHI,Alshon Jeffery\JeffAl00,WR,22,2019,0,1,8,49,34,102,0,0,0,0,0,23,140,1,469,6671,45,,,,South Carolina,College Stats
2,46,PHI,Mychal Kendricks\KendMy00,LB,21,2019,0,0,7,38,31,103,0,0,0,0,0,0,0,0,0,0,0,404,4,19.0,California,College Stats
2,47,SEA,Bobby Wagner\WagnBo00,LB,22,2020,5,6,8,95,95,122,0,0,0,0,0,0,0,0,0,0,0,656,10,19.5,Utah St.,College Stats
2,48,NWE,Tavon Wilson\WilsTa00,DB,22,2020,0,0,2,18,5,113,0,0,0,0,0,1,7,0,0,0,0,279,8,5.0,Illinois,College Stats
2,49,SDG,Kendall Reyes\ReyeKe00,DT,22,2016,0,0,3,22,22,76,0,0,0,0,0,0,0,0,0,0,0,96,1,14.5,Connecticut,College Stats
2,50,STL,Isaiah Pead\PeadIs00,RB,22,2016,0,0,0,1,1,30,0,0,0,0,0,27,100,0,15,100,0,3,,,Cincinnati,College Stats
2,51,GNB,Jerel Worthy\WortJe00,DT,22,2018,0,0,0,4,3,40,0,0,0,0,0,0,0,0,0,0,0,19,,2.5,Michigan St.,College Stats
2,52,TEN,Zach Brown\BrowZa00,LB,22,2019,0,1,5,40,16,100,0,0,0,0,0,0,0,0,0,0,0,462,7,17.5,North Carolina,College Stats
2,53,CIN,Devon Still\StilDe00,DT,23,2016,0,0,0,3,3,33,0,0,0,0,0,0,0,0,0,0,0,21,,0.5,Penn St.,College Stats
2,54,DET,Ryan Broyles\BroyRy00,WR,24,2014,0,0,0,3,3,21,0,0,0,0,0,0,0,0,32,420,2,,,,Oklahoma,College Stats
2,55,ATL,Peter Konz\KonzPe00,C,23,2014,0,0,2,15,15,39,0,0,0,0,0,0,0,0,0,0,0,,,,Wisconsin,
2,56,PIT,Mike Adams\AdamMi02,T,22,2016,0,0,1,12,12,53,0,0,0,0,0,0,0,0,0,0,0,,,,Ohio St.,
2,57,DEN,Brock Osweiler\OsweBr00,QB,21,2018,0,0,1,14,6,49,697,1165,7418,37,31,92,266,4,1,-14,0,,,,Arizona St.,College Stats
2,58,TAM,Lavonte David\DaviLa00,LB,22,2020,1,1,8,63,63,124,0,0,0,0,0,0,0,0,0,0,0,740,12,22.5,Nebraska,College Stats
2,59,PHI,Vinny Curry\CurrVi00,DE,24,2020,0,0,1,20,17,113,0,0,0,0,0,0,0,0,0,0,0,130,,30.0,Marshall,College Stats
2,60,BAL,Kelechi Osemele\OsemKe00,T,23,2020,1,2,6,44,20,98,0,0,0,0,0,0,0,0,0,0,0,,,,Iowa St.,
2,61,SFO,LaMichael James\JameLa00,RB,22,2015,0,0,0,2,2,18,0,0,0,0,0,44,193,0,5,45,0,,,,Oregon,College Stats
2,62,GNB,Casey Hayward\HaywCa00,DB,22,2020,0,2,5,42,8,118,0,0,0,0,0,0,0,0,0,0,0,301,22,,Vanderbilt,College Stats
2,63,NYG,Rueben Randle\RandRu00,WR,21,2015,0,0,2,21,21,64,0,0,0,0,0,0,0,0,188,2644,20,,,,LSU,College Stats
3,64,IND,Dwayne Allen\AlleDw00,TE,22,2018,0,0,4,12,11,86,0,0,0,0,0,4,6,0,139,1564,20,3,,,Clemson,College Stats
3,65,STL,Trumaine Johnson\JohnTr05,DB,22,2019,0,0,5,31,26,102,0,0,0,0,0,0,0,0,0,0,0,339,23,,Montana,
3,66,MIN,Josh Robinson\RobiJo01,DB,21,2019,0,0,1,11,9,93,0,0,0,0,0,0,0,0,0,0,0,162,5,,Central Florida,College Stats
3,67,DEN,Ronnie Hillman\HillRo00,RB,20,2016,0,0,1,17,15,56,0,0,0,0,0,494,1976,12,74,524,1,,,,San Diego St.,College Stats
3,68,HOU,DeVier Posey\PoseDe00,WR,22,2014,0,0,0,2,2,26,0,0,0,0,0,1,-3,0,22,272,0,2,,,Ohio St.,College Stats
3,69,BUF,T.J. Graham\GrahT.00,WR,23,2015,0,0,1,7,6,47,0,0,0,0,0,5,19,0,61,794,4,9,,,North Carolina St.,College Stats
3,70,JAX,Bryan Anger\AngeBr00,P,23,2020,0,0,0,16,11,129,1,2,19,0,0,2,-5,0,0,0,0,12,,,California,College Stats
3,71,WAS,Josh LeRibeus\LeRiJo00,G,23,2018,0,0,1,10,6,50,0,0,0,0,0,0,0,0,0,0,0,,,,SMU,
3,72,MIA,Olivier Vernon\VernOl00,LB,21,2020,0,1,7,49,19,114,0,0,0,0,0,0,0,0,0,0,0,256,1,54.5,Miami (FL),College Stats
3,73,SDG,Brandon Taylor\TaylBr02,DB,22,2012,0,0,0,1,1,4,0,0,0,0,0,0,0,0,0,0,0,4,,0.5,LSU,College Stats
3,74,KAN,Donald Stephenson\StepDo00,T,23,2017,0,0,1,17,11,80,0,0,0,0,0,0,0,0,0,0,0,,,,Oklahoma,College Stats
3,75,SEA,Russell Wilson\WilsRu00,QB,23,2020,0,6,8,108,108,131,2515,3880,30659,241,69,734,4083,19,4,20,1,,,,Wisconsin,College Stats
3,76,HOU,Brandon Brooks\BrooBr00,G,23,2019,0,3,7,45,13,112,0,0,0,0,0,0,0,0,0,0,0,1,,,Miami (OH),College Stats
3,77,NYJ,Demario Davis\DaviDe00,LB,23,2020,1,0,7,57,32,131,0,0,0,0,0,0,0,0,0,0,0,563,2,24.5,Arkansas St.,College Stats
3,78,MIA,Michael Egnew\EgneMi00,TE,22,2013,0,0,0,0,0,18,0,0,0,0,0,0,0,0,7,69,0,,,,Missouri,College Stats
3,79,CHI,Brandon Hardin\HardBr01,DB,22,2012,0,0,0,0,0,,0,0,0,0,0,0,0,0,0,0,0,,,,Oregon St.,College Stats
3,80,ARI,Jamell Fleming\FlemJa00,DB,23,2015,0,0,0,5,2,46,0,0,0,0,0,0,0,0,0,0,0,63,,,Oklahoma,College Stats
3,81,DAL,Tyrone Crawford\CrawTy00,DE,22,2020,0,0,5,32,32,99,0,0,0,0,0,0,0,0,0,0,0,113,,23.0,Boise St.,College Stats
3,82,TEN,Mike Martin\MartMi01,DT,22,2015,0,0,0,6,6,46,0,0,0,0,0,0,0,0,0,0,0,42,,4.0,Michigan,College Stats
3,83,CIN,Mohamed Sanu\SanuMo00,WR,23,2020,0,0,5,38,15,120,7,8,233,4,0,41,223,2,404,4516,26,1,,,Rutgers,College Stats
3,84,BAL,Bernard Pierce\PierBe00,RB,21,2015,0,0,0,10,10,52,0,0,0,0,0,359,1345,5,32,171,0,,,,Temple,College Stats
3,85,DET,Bill Bentley\BentBi00,DB,23,2015,0,0,0,3,3,20,0,0,0,0,0,0,0,0,0,0,0,34,,,,
3,86,PIT,Sean Spence\SpenSe00,LB,22,2017,0,0,1,12,8,53,0,0,0,0,0,0,0,0,0,0,0,111,,6.0,Miami (FL),College Stats
3,87,CLE,John Hughes\HughJo00,DT,24,2017,0,0,0,9,8,66,0,0,0,0,0,0,0,0,0,0,0,61,,5.5,Cincinnati,College Stats
3,88,PHI,Nick Foles\FoleNi00,QB,23,2020,0,1,3,29,24,59,1067,1727,12089,74,36,132,387,5,1,10,0,,,,Arizona,College Stats
3,89,NOR,Akiem Hicks\HickAk00,DE,22,2020,0,1,5,46,13,117,0,0,0,0,0,1,1,1,0,0,0,210,,37.0,,
3,90,NWE,Jake Bequette\BequJa00,DE,23,2014,0,0,0,0,0,8,0,0,0,0,0,0,0,0,0,0,0,,,,Arkansas,College Stats
3,91,ATL,Lamar Holmes\HolmLa00,T,23,2014,0,0,1,11,11,21,0,0,0,0,0,0,0,0,0,0,0,,,,Southern Miss,College Stats
3,92,IND,T.Y. Hilton\HiltT.00,WR,22,2020,0,4,7,66,66,121,0,1,0,0,0,9,55,0,562,8731,45,1,,,Florida International,College Stats
3,93,CIN,Brandon Thompson\ThomBr01,DT,22,2015,0,0,0,7,7,39,0,0,0,0,0,0,0,0,0,0,0,29,,3.0,Clemson,College Stats
3,94,NYG,Jayron Hosley\HoslJa00,DB,21,2015,0,0,0,7,7,43,0,0,0,0,0,0,0,0,0,0,0,69,2,,Virginia Tech,College Stats
3,95,OAK,Tony Bergstrom\BergTo00,T,26,2019,0,0,0,12,2,82,0,0,0,0,0,0,0,0,0,0,0,,,,Utah,College Stats
4,96,STL,Chris Givens\GiveCh00,WR,22,2015,0,0,2,12,11,60,0,0,0,0,0,11,42,0,107,1779,5,1,,,Wake Forest,College Stats
4,97,MIA,Lamar Miller\MillLa01,RB,21,2018,0,1,6,42,22,105,0,0,0,0,0,1354,5864,32,209,1565,8,,,,Miami (FL),College Stats
4,98,BAL,Gino Gradkowski\GradGi00,G,23,2018,0,0,1,10,8,60,0,0,0,0,0,0,0,0,0,0,0,,,,Delaware,
4,99,HOU,Ben Jones\JoneBe01,C,23,2020,0,0,7,40,15,130,0,0,0,0,0,0,0,0,0,0,0,,,,Georgia,College Stats
4,100,CLE,Travis Benjamin\BenjTr00,WR,22,2019,0,0,2,25,13,101,0,1,0,0,0,36,268,0,208,3143,19,1,,,Miami (FL),College Stats
4,101,DEN,Omar Bolden\BoldOm00,DB,23,2015,0,0,0,5,5,56,0,0,0,0,0,0,0,0,0,0,0,42,,,Arizona St.,College Stats
4,102,WAS,Kirk Cousins\CousKi00,QB,24,2020,0,2,5,62,39,96,2150,3224,24730,160,77,204,613,15,1,-1,0,,,,Michigan St.,College Stats
4,103,CAR,Frank Alexander\AlexFr00,DE,22,2014,0,0,0,6,6,29,0,0,0,0,0,0,0,0,0,0,0,20,,3.5,Oklahoma,College Stats
4,104,CAR,Joe Adams\AdamJo01,WR,22,2012,0,0,0,0,0,9,0,0,0,0,0,3,13,0,1,7,0,,,,Arkansas,College Stats
4,105,BUF,Nigel Bradham\BradNi00,LB,23,2019,0,0,7,44,16,115,0,0,0,0,0,0,0,0,0,0,0,403,3,8.5,Florida St.,College Stats
4,106,SEA,Robert Turbin\TurbRo00,RB,22,2019,0,0,0,16,11,82,0,0,0,0,0,355,1354,9,86,688,3,5,,,Utah St.,College Stats
4,107,KAN,Devon Wylie\WyliDe00,WR,24,2014,0,0,0,0,0,8,0,0,0,0,0,0,0,0,6,53,0,,,,Fresno St.,College Stats
4,108,DEN,Philip Blake\BlakPh00,OL,26,2012,0,0,0,0,0,,0,0,0,0,0,0,0,0,0,0,0,,,,Baylor,College Stats
4,109,PIT,Alameda Ta'amu\Ta'aAl00,DT,22,2014,0,0,0,3,0,21,0,0,0,0,0,0,0,0,0,0,0,5,,,Washington,College Stats
4,110,SDG,Ladarius Green\GreeLa00,TE,22,2016,0,0,2,11,8,53,0,0,0,0,0,0,0,0,95,1391,8,16,,,,
4,111,CHI,Evan Rodriguez\RodrEv00,TE,23,2014,0,0,0,0,0,20,0,0,0,0,0,0,0,0,4,21,0,3,,,Temple,College Stats
4,112,ARI,Bobby Massie\MassBo00,T,23,2020,0,0,7,43,21,113,0,0,0,0,0,0,0,0,1,4,0,,,,Mississippi,College Stats
4,113,DAL,Kyle Wilber\WilbKy00,LB,23,2020,0,0,1,14,13,120,0,0,0,0,0,0,0,0,0,0,0,98,,3.5,Wake Forest,College Stats
4,114,SEA,Jaye Howard\HowaJa00,DT,23,2016,0,0,2,17,0,45,0,0,0,0,0,0,0,0,0,0,0,83,,7.5,Florida,College Stats
4,115,TEN,Coty Sensabaugh\SensCo00,DB,23,2019,0,0,2,19,12,107,0,0,0,0,0,0,0,0,0,0,0,220,3,1.0,Clemson,College Stats
4,116,CIN,Orson Charles\CharOr00,TE,21,2018,0,0,0,2,1,49,0,0,0,0,0,0,0,0,14,185,0,8,,,Georgia,College Stats
4,117,SFO,Joe Looney\LoonJo01,G,22,2020,0,0,1,15,2,94,0,0,0,0,0,0,0,0,0,0,0,,,,Wake Forest,College Stats
4,118,MIN,Jarius Wright\WrigJa02,WR,22,2019,0,0,1,23,18,111,0,0,0,0,0,11,143,0,224,2782,11,,,,Arkansas,College Stats
4,119,WAS,Keenan Robinson\RobiKe01,LB,23,2017,0,0,2,18,13,58,0,0,0,0,0,0,0,0,0,0,0,190,2,1.5,Texas,College Stats
4,120,CLE,James-Michael Johnson\JohnJa04,LB,23,2015,0,0,2,11,4,48,0,0,0,0,0,0,0,0,0,0,0,80,,1.0,Nevada,College Stats
4,121,HOU,Keshawn Martin\MartKe01,WR,22,2016,0,0,1,7,4,58,0,0,0,0,0,5,59,0,62,685,5,,,,Michigan St.,College Stats
4,122,NOR,Nick Toon\ToonNi00,WR,23,2015,0,0,0,3,3,17,0,0,0,0,0,1,4,0,21,283,1,,,,Wisconsin,College Stats
4,123,PHI,Brandon Boykin\BoykBr00,DB,22,2015,0,0,0,9,7,64,0,0,0,0,0,0,0,0,0,0,0,128,8,2.0,Georgia,College Stats
4,124,BUF,Ron Brooks\BrooRo01,DB,23,2016,0,0,0,6,4,53,0,0,0,0,0,0,0,0,0,0,0,79,,,LSU,College Stats
4,125,DET,Ronnell Lewis\LewiRo02,LB,21,2012,0,0,0,1,1,8,0,0,0,0,0,0,0,0,0,0,0,2,,,Oklahoma,College Stats
4,126,HOU,Jared Crick\CricJa00,DE,23,2016,0,0,3,27,20,79,0,0,0,0,0,0,0,0,0,0,0,113,,8.5,Nebraska,College Stats
4,127,NYG,Adrien Robinson\RobiAd00,TE,23,2014,0,0,0,0,0,19,0,0,0,0,0,0,0,0,5,50,1,2,,,Cincinnati,College Stats
4,128,MIN,Rhett Ellison\ElliRh00,RB,23,2019,0,0,4,9,4,113,0,0,0,0,0,1,1,1,118,1189,7,17,,,USC,College Stats
4,129,OAK,Miles Burris\BurrMi00,LB,24,2014,0,0,2,14,14,38,0,0,0,0,0,0,0,0,0,0,0,141,1,1.5,San Diego St.,College Stats
4,130,BAL,Christian Thompson\ThomCh01,DB,22,2012,0,0,0,0,0,7,0,0,0,0,0,0,0,0,0,0,0,,,,South Carolina St.,
4,131,NYG,Brandon Mosley\MoslBr00,T,23,2014,0,0,0,2,2,22,0,0,0,0,0,0,0,0,0,0,0,1,,,Auburn,College Stats
4,132,GNB,Mike Daniels\DaniMi00,DT,23,2020,0,1,5,37,37,113,0,0,0,0,0,0,0,0,0,0,0,161,1,30.0,Iowa,College Stats
4,133,GNB,Jerron McMillian\McMiJe00,DB,23,2013,0,0,0,2,2,28,0,0,0,0,0,0,0,0,0,0,0,30,1,,Maine,
4,134,MIN,Greg Childs\ChilGr00,WR,22,2012,0,0,0,0,0,,0,0,0,0,0,0,0,0,0,0,0,,,,Arkansas,College Stats
4,135,DAL,Matt Johnson\JohnMa05,DB,23,2012,0,0,0,0,0,,0,0,0,0,0,0,0,0,0,0,0,,,,East. Washington,
5,136,IND,Josh Chapman\ChapJo00,NT,23,2014,0,0,1,8,8,29,0,0,0,0,0,0,0,0,0,0,0,25,,,Alabama,College Stats
5,137,DEN,Malik Jackson\JackMa02,DT,22,2020,0,1,4,38,15,114,0,0,0,0,0,0,0,0,0,0,0,187,,33.0,Tennessee,College Stats
5,138,DET,Tahir Whitehead\WhitTa00,LB,22,2020,0,0,6,38,26,128,0,0,0,0,0,0,0,0,0,0,0,473,5,3.0,Temple,College Stats
5,139,MIN,Robert Blanton\BlanRo00,DB,23,2017,0,0,1,9,9,72,0,0,0,0,0,0,0,0,0,0,0,177,1,,Notre Dame,College Stats
5,140,TAM,Najee Goode\GoodNa00,LB,23,2019,0,0,0,10,0,90,0,0,0,0,0,0,0,0,0,0,0,79,1,2.0,West Virginia,College Stats
5,141,WAS,Adam Gettis\GettAd00,G,23,2016,0,0,0,1,1,17,0,0,0,0,0,0,0,0,0,0,0,,,,Iowa,
5,142,JAX,Brandon Marshall\MarsBr01,LB,22,2018,0,0,4,30,0,74,0,0,0,0,0,0,0,0,0,0,0,306,2,6.5,Nevada,College Stats
5,143,CAR,Josh Norman\NormJo01,DB,24,2019,1,1,7,40,23,111,0,0,0,0,0,0,0,0,0,0,0,311,14,1.0,Coastal Carolina,
5,144,BUF,Zebrie Sanders\SandZe00,OL,22,2012,0,0,0,0,0,,0,0,0,0,0,0,0,0,0,0,0,,,,Florida St.,College Stats
5,145,TEN,Taylor Thompson\ThomTa00,TE,22,2014,0,0,0,0,0,35,0,0,0,0,0,0,0,0,11,83,1,14,,,SMU,College Stats
5,146,KAN,DeQuan Menzie\MenzDe00,DB,22,2012,0,0,0,0,0,,0,0,0,0,0,0,0,0,0,0,0,,,,Alabama,College Stats
5,147,BUF,Tank Carder\CardTa00,LB,23,2016,0,0,0,5,,78,0,0,0,0,0,0,0,0,0,0,0,38,,,TCU,College Stats
5,148,DET,Chris Greenwood\GreeCh01,DB,23,2014,0,0,0,0,0,3,0,0,0,0,0,0,0,0,0,0,0,6,,,Albion,
5,149,SDG,Johnnie Troutman\TrouJo00,G,24,2014,0,0,2,13,13,29,0,0,0,0,0,0,0,0,0,0,0,,,,Penn St.,College Stats
5,150,STL,Rokevious Watkins\WatkRo00,G,23,2013,0,0,0,1,0,4,0,0,0,0,0,0,0,0,0,0,0,,,,South Carolina,
5,151,ARI,Senio Kelemete\KeleSe00,G,22,2020,0,0,1,20,0,77,0,0,0,0,0,0,0,0,1,10,0,,,,Washington,College Stats
5,152,DAL,Danny Coale\CoalDa00,WR,24,2012,0,0,0,0,0,,0,0,0,0,0,0,0,0,0,0,0,,,,Virginia Tech,College Stats
5,153,PHI,Dennis Kelly\KellDe00,T,22,2020,0,0,0,15,6,91,0,0,0,0,0,0,0,0,1,1,1,,,,Purdue,College Stats
5,154,SEA,Korey Toomer\ToomKo00,LB,23,2018,0,0,0,11,,53,0,0,0,0,0,0,0,0,0,0,0,91,1,2.0,Idaho,College Stats
5,155,MIA,Josh Kaddu\KaddJo00,LB,22,2014,0,0,0,0,0,6,0,0,0,0,0,0,0,0,0,0,0,,,,Oregon,College Stats
5,156,CIN,Shaun Prater\PratSh00,DB,22,2015,0,0,0,2,0,21,0,0,0,0,0,0,0,0,0,0,0,7,1,,Iowa,College Stats
5,157,ATL,Bradie Ewing\EwinBr00,RB,22,2014,0,0,0,0,0,2,0,0,0,0,0,0,0,0,2,29,0,,,,Wisconsin,College Stats
5,158,OAK,Jack Crawford\CrawJa00,DE,24,2020,0,0,2,15,1,96,0,0,0,0,0,0,0,0,0,0,0,73,1,17.0,Penn St.,College Stats
5,159,PIT,Chris Rainey\RainCh00,RB,24,2013,0,0,0,1,1,18,0,0,0,0,0,26,102,2,14,60,0,1,,,Florida,College Stats
5,160,CLE,Ryan Miller\MillRy00,G,23,2014,0,0,0,1,1,8,0,0,0,0,0,0,0,0,0,0,0,,,,Colorado,College Stats
5,161,HOU,Randy Bullock\BullRa00,K,22,2020,0,0,0,14,4,98,0,0,0,0,0,0,0,0,0,0,0,3,,,Texas A&M,College Stats
5,162,NOR,Corey White\WhitCo01,DB,22,2016,0,0,1,12,9,66,0,0,0,0,0,0,0,0,0,0,0,132,6,1.0,Samford,
5,163,GNB,Terrell Manning\MannTe00,LB,22,2014,0,0,0,0,0,11,0,0,0,0,0,0,0,0,0,0,0,1,,,North Carolina St.,College Stats
5,164,ATL,Jonathan Massaquoi\MassJo00,DE,24,2014,0,0,0,6,6,39,0,0,0,0,0,0,0,0,0,0,0,47,,6.0,Troy,College Stats
5,165,SFO,Darius Fleming\FlemDa00,LB,23,2015,0,0,0,1,0,11,0,0,0,0,0,0,0,0,0,0,0,3,,,Notre Dame,College Stats
5,166,CIN,Marvin Jones\JoneMa02,WR,22,2020,0,0,5,40,16,99,0,0,0,0,0,19,148,0,358,5176,43,3,,,California,College Stats
5,167,CIN,George Iloka\IlokGe00,DB,22,2020,0,0,4,29,27,100,0,0,0,0,0,0,0,0,0,0,0,242,9,,Boise St.,College Stats
5,168,OAK,Juron Criner\CrinJu00,WR,22,2014,0,0,0,1,1,13,0,0,0,0,0,0,0,0,19,183,1,,,,Arizona,College Stats
5,169,BAL,Asa Jackson\JackAs00,DB,22,2017,0,0,0,3,2,26,0,0,0,0,0,0,0,0,0,0,0,30,,,,
5,170,IND,Vick Ballard\BallVi00,RB,22,2014,0,0,1,5,5,17,0,0,0,0,0,224,877,2,18,147,1,,,,Mississippi St.,College Stats
6,171,STL,Greg Zuerlein\ZuerGr00,K,24,2020,1,1,0,21,21,122,0,0,0,0,0,0,0,0,0,0,0,7,,,,
6,172,SEA,Jeremy Lane\LaneJe00,DB,22,2017,0,0,1,11,11,70,0,0,0,0,0,0,0,0,0,0,0,103,2,,NW State (LA),
6,173,WAS,Alfred Morris\MorrAl00,RB,23,2019,0,2,4,35,28,105,0,0,0,0,0,1374,5935,34,65,494,0,,,,Florida Atlantic,College Stats
6,174,TAM,Keith Tandy\TandKe00,DB,23,2018,0,0,0,10,10,90,0,0,0,0,0,1,18,0,0,0,0,136,8,1.0,West Virginia,College Stats
6,175,MIN,Blair Walsh\WalsBl00,K,22,2017,1,1,0,14,13,89,0,0,0,0,0,0,0,0,0,0,0,1,,,Georgia,College Stats
6,176,JAX,Mike Harris\HarrMi00,DB,23,2014,0,0,0,6,5,36,0,0,0,0,0,0,0,0,0,0,0,102,2,2.0,Florida St.,College Stats
6,177,ARI,Justin Bethel\BethJu00,DB,22,2020,0,3,0,17,14,129,0,0,0,0,0,0,0,0,0,0,0,182,4,,Presbyterian,
6,178,BUF,Mark Asper\AspeMa00,G,26,2014,0,0,0,0,0,7,0,0,0,0,0,0,0,0,0,0,0,,,,Oregon,College Stats
6,179,NOR,Andrew Tiller\TillAn01,G,23,2016,0,0,0,6,0,28,0,0,0,0,0,0,0,0,0,0,0,,,,Syracuse,College Stats
6,180,SFO,Trent Robinson\RobiTr02,DB,22,2015,0,0,1,6,0,38,0,0,0,0,0,0,0,0,0,0,0,59,2,,Michigan St.,
6,181,SEA,Winston Guy\GuyxWi00,DB,22,2016,0,0,0,3,0,37,0,0,0,0,0,0,0,0,0,0,0,39,,2.0,Kentucky,College Stats
6,182,KAN,Cyrus Gray\GrayCy00,RB,22,2014,0,0,0,1,1,35,0,0,0,0,0,24,99,1,9,64,0,10,,,Texas A&M,College Stats
6,183,MIA,B.J. Cunningham\CunnB.00,WR,23,2014,0,0,0,0,,2,0,0,0,0,0,0,0,0,0,0,0,,,,Michigan St.,College Stats
6,184,CHI,Isaiah Frey\FreyIs00,DB,22,2014,0,0,0,3,3,27,0,0,0,0,0,0,0,0,0,0,0,51,,,Nevada,College Stats
6,185,ARI,Ryan Lindley\LindRy00,QB,23,2015,0,0,0,-4,-4,10,140,274,1372,3,11,4,7,0,0,0,0,,,,San Diego St.,College Stats
6,186,DAL,James Hanna\HannJa00,TE,23,2017,0,0,4,4,4,78,0,0,0,0,0,0,0,0,37,374,1,20,,,Oklahoma,College Stats
6,187,NYJ,Josh Bush\BushJo00,DB,23,2015,0,0,0,3,2,45,0,1,0,0,0,0,0,0,0,0,0,38,2,,Wake Forest,College Stats
6,188,DEN,Danny Trevathan\TrevDa00,LB,22,2020,0,0,6,42,19,99,0,0,0,0,0,0,0,0,0,0,0,437,8,9.0,Kentucky,College Stats
6,189,OAK,Christo Bilukidi\BiluCh00,DE,22,2014,0,0,0,1,1,24,0,0,0,0,0,0,0,0,0,0,0,10,,1.0,,
6,190,TEN,Markelle Martin\MartMa00,DB,22,2012,0,0,0,1,1,15,0,0,0,0,0,0,0,0,0,0,0,,,,Oklahoma St.,College Stats
6,191,CIN,Dan Herron\HerrDa00,RB,23,2015,0,0,0,5,0,35,0,0,0,0,0,112,468,1,31,277,0,9,,,Ohio St.,College Stats
6,192,ATL,Charles Mitchell\MitcCh01,DB,22,2012,0,0,0,1,1,10,0,0,0,0,0,0,0,0,0,0,0,1,,,Mississippi St.,College Stats
6,193,WAS,Tom Compton\CompTo00,T,23,2020,0,0,2,16,5,100,0,0,0,0,0,0,0,0,0,0,0,2,,,South Dakota,
6,194,PHI,Marvin McNutt\McNuMa00,WR,23,2014,0,0,0,0,0,5,0,0,0,0,0,0,0,0,0,0,0,2,,,Iowa,College Stats
6,195,HOU,Nick Mondek\MondNi00,OL,23,2012,0,0,0,0,0,,0,0,0,0,0,0,0,0,0,0,0,,,,Purdue,College Stats
6,196,DET,Jonte Green\GreeJo03,DB,23,2013,0,0,0,4,4,24,0,0,0,0,0,0,0,0,0,0,0,29,1,1.0,New Mexico St.,College Stats
6,197,NWE,Nate Ebner\EbneNa00,DB,23,2020,0,0,0,11,11,114,0,0,0,0,0,1,14,0,0,0,0,62,,,Ohio St.,College Stats
6,198,BAL,Tommy Streeter\StreTo00,WR,22,2014,0,0,0,0,0,2,0,0,0,0,0,0,0,0,0,0,0,,,,Miami (FL),College Stats
6,199,SFO,Jason Slowey\SlowJa00,OL,23,2012,0,0,0,0,,,0,0,0,0,0,0,0,0,0,0,0,,,,Western Oregon,
6,200,PHI,Brandon Washington\WashBr00,G,24,2014,0,0,0,0,,1,0,0,0,0,0,0,0,0,0,0,0,,,,Miami (FL),College Stats
6,201,NYG,Matt McCants\McCaMa00,T,23,2016,0,0,0,3,0,30,0,0,0,0,0,0,0,0,0,0,0,,,,,
6,202,NYJ,Terrance Ganaway\GanaTe00,RB,23,2012,0,0,0,0,,3,0,0,0,0,0,0,0,0,0,0,0,,,,Baylor,College Stats
6,203,NYJ,Robert Griffin\GrifRo03,OL,22,2012,0,0,0,0,,,0,0,0,0,0,0,0,0,0,0,0,,,,Baylor,
6,204,CLE,Emmanuel Acho\AchoEm00,LB,21,2014,0,0,0,2,0,20,0,0,0,0,0,0,0,0,0,0,0,22,,,Texas,College Stats
6,205,CLE,Billy Winn\WinnBi00,DT,23,2020,0,0,2,15,12,69,0,0,0,0,0,0,0,0,0,0,0,68,2,3.0,Boise St.,College Stats
6,206,IND,LaVon Brazill\BrazLa00,WR,23,2013,0,0,0,3,3,25,0,0,0,0,0,0,0,0,23,347,3,8,,,Ohio,College Stats
6,207,CAR,Brad Nortman\NortBr00,P,22,2017,0,0,0,11,7,96,1,1,29,0,0,1,-1,0,0,0,0,2,,,Wisconsin,College Stats
7,208,IND,Justin Anderson\AndeJu00,OL,24,2012,0,0,0,0,0,,0,0,0,0,0,0,0,0,0,0,0,,,,Georgia,
7,209,STL,Aaron Brown\BrowAa01,LB,,,0,0,0,,,,,,,,,,,,,,,,,,Hawaii,College Stats
7,210,MIN,Audie Cole\ColeAu00,LB,23,2016,0,0,0,7,7,57,0,0,0,0,0,0,0,0,0,0,0,59,,1.0,North Carolina St.,College Stats
7,211,TEN,Scott Solomon\SoloSc00,DE,23,2015,0,0,0,2,1,24,0,0,0,0,0,0,0,0,0,0,0,12,,2.0,Rice,College Stats
7,212,TAM,Michael Smith\SmitMi01,RB,24,2014,0,0,0,0,0,1,0,0,0,0,0,0,0,0,0,0,0,,,,Utah St.,College Stats
7,213,WAS,Richard Crawford\CrawRi00,DB,22,2014,0,0,0,1,1,10,0,0,0,0,0,0,0,0,0,0,0,13,1,,SMU,College Stats
7,214,IND,Tim Fugger\FuggTi00,DE,23,2012,0,0,0,0,,,0,0,0,0,0,0,0,0,0,0,0,,,,Vanderbilt,College Stats
7,215,MIA,Kheeston Randall\RandKh00,DT,23,2012,0,0,0,1,1,12,0,0,0,0,0,0,0,0,0,0,0,6,,,Texas,College Stats
7,216,CAR,D.J. Campbell\CampD.00,DB,23,2013,0,0,0,2,2,9,0,0,0,0,0,0,0,0,0,0,0,13,,,California,College Stats
7,217,WAS,Jordan Bernstine\BernJo00,DB,23,2012,0,0,0,0,0,1,0,0,0,0,0,0,0,0,0,0,0,,,,Iowa,College Stats
7,218,KAN,Jerome Long\LongJe00,DT,22,2013,0,0,0,0,0,3,0,0,0,0,0,0,0,0,0,0,0,,,,San Diego St.,College Stats
7,219,MIN,Trevor Guyton\GuytTr00,DE,,,0,0,0,,,,,,,,,,,,,,,,,,California,College Stats
7,220,CHI,Greg McCoy\McCoGr00,DB,23,2012,0,0,0,0,,,0,0,0,0,0,0,0,0,0,0,0,,,,TCU,College Stats
7,221,ARI,Nate Potter\PottNa00,T,24,2013,0,0,0,3,3,21,0,0,0,0,0,0,0,0,0,0,0,,,,Boise St.,College Stats
7,222,DAL,Caleb McSurdy\McSuCa00,LB,22,2012,0,0,0,0,0,,0,0,0,0,0,0,0,0,0,0,0,,,,Montana,
7,223,DET,Travis Lewis\LewiTr00,LB,24,2015,0,0,0,4,4,42,0,0,0,0,0,0,0,0,0,0,0,26,,1.0,Oklahoma,College Stats
7,224,NWE,Alfonzo Dennard\DennAl00,DB,22,2014,0,0,1,8,8,29,0,0,0,0,0,0,0,0,0,0,0,81,5,,Nebraska,College Stats
7,225,SEA,J.R. Sweezy\SweeJ.00,DT,23,2020,0,0,6,44,29,107,0,0,0,0,0,0,0,0,0,0,0,,,,North Carolina St.,College Stats
7,226,SDG,David Molk\MolkDa00,C,23,2015,0,0,0,3,1,20,0,0,0,0,0,0,0,0,0,0,0,,,,Michigan,College Stats
7,227,MIA,Rishard Matthews\MattRi00,WR,22,2018,0,0,4,23,8,87,0,0,0,0,0,3,4,0,230,3160,21,4,,,Nevada,College Stats
7,228,JAX,Jeris Pendleton\PendJe00,DT,28,2014,0,0,0,0,0,5,0,0,0,0,0,0,0,0,0,0,0,2,,,Ashland,
7,229,PHI,Bryce Brown\BrowBr02,RB,21,2015,0,0,0,9,6,42,0,0,0,0,0,251,1076,7,37,316,0,1,,,Kansas St.,College Stats
7,230,OAK,Nathan Stupar\StupNa01,LB,24,2019,0,0,1,9,,82,0,0,0,0,0,0,0,0,0,0,0,110,1,2.0,Penn St.,College Stats
7,231,PIT,Toney Clemons\ClemTo00,WR,23,2012,0,0,0,0,,4,0,0,0,0,0,0,0,0,3,41,0,,,,Colorado,College Stats
7,232,SEA,Greg Scruggs\ScruGr00,DE,22,2016,0,0,0,1,1,18,0,0,0,0,0,0,0,0,0,0,0,9,,3.0,Louisville,College Stats
7,233,TAM,Drake Dunsmore\DunsDr00,TE,23,2012,0,0,0,0,0,,0,0,0,0,0,0,0,0,0,0,0,,,,Northwestern,College Stats
7,234,NOR,Marcel Jones\JoneMa03,OL,24,2014,0,0,0,0,0,0,0,0,0,0,0,0,0,0,0,0,0,,,,Nebraska,
7,235,NWE,Jeremy Ebert\EberJe00,WR,23,2013,0,0,0,0,0,5,0,0,0,0,0,0,0,0,3,18,0,,,,Northwestern,College Stats
7,236,BAL,DeAngelo Tyson\TysoDe00,DT,23,2014,0,0,0,6,6,34,0,0,0,0,0,0,0,0,0,0,0,19,1,3.0,Georgia,College Stats
7,237,SFO,Cam Johnson\JohnCa01,DE,22,2016,0,0,1,5,0,28,0,0,0,0,0,0,0,0,0,0,0,26,,3.0,Virginia,College Stats
7,238,KAN,Junior Hemingway\HemiJu00,WR,23,2014,0,0,0,2,2,31,0,0,0,0,0,0,0,0,25,233,2,12,,,Michigan,College Stats
7,239,NYG,Markus Kuhn\KuhnMa00,DT,26,2015,0,0,0,6,6,39,0,0,0,0,0,0,0,0,0,0,0,24,,1.5,North Carolina St.,College Stats
7,240,PIT,David Paulson\PaulDa01,TE,23,2014,0,0,0,1,1,32,0,0,0,0,0,0,0,0,13,153,0,3,,,Oregon,College Stats
7,241,GNB,Andrew Datko\DatkAn00,OL,22,2012,0,0,0,0,0,,0,0,0,0,0,0,0,0,0,0,0,,,,Florida St.,College Stats
7,242,NYJ,Antonio Allen\AlleAn02,DB,23,2016,0,0,2,10,10,50,0,0,0,0,0,0,0,0,0,0,0,85,1,2.5,South Carolina,College Stats
7,243,GNB,B.J. Coleman\ColeB.00,QB,23,2012,0,0,0,0,0,,0,0,0,0,0,0,0,0,0,0,0,,,,Tenn-Chattanooga,
7,244,NYJ,Jordan White\WhitJo02,WR,24,2012,0,0,0,0,0,3,0,0,0,0,0,0,0,0,1,13,0,,,,West. Michigan,College Stats
7,245,CLE,Trevin Wade\WadeTr00,DB,23,2016,0,0,0,5,1,47,0,0,0,0,0,0,0,0,0,0,0,79,,,Arizona,College Stats
7,246,PIT,Terrence Frederick\FredTe00,DB,22,2014,0,0,0,1,,5,0,0,0,0,0,0,0,0,0,0,0,17,,,Texas A&M,College Stats
7,247,CLE,Brad Smelley\SmelBr00,TE,23,2014,0,0,0,0,0,4,0,0,0,0,0,0,0,0,1,3,0,,,,Alabama,College Stats
7,248,PIT,Kelvin Beachum\BeacKe00,T,23,2020,0,0,6,40,17,107,0,0,0,0,0,0,0,0,0,0,0,,,,SMU,
7,249,ATL,Travian Robertson\RobeTr00,DT,23,2014,0,0,0,1,1,14,0,0,0,0,0,0,0,0,0,0,0,4,,,South Carolina,College Stats
7,250,SDG,Edwin Baker\BakeEd01,RB,21,2014,0,0,0,1,0,6,0,0,0,0,0,44,173,2,8,57,0,,,,Michigan St.,College Stats
7,251,BUF,John Potter\PottJo00,K,22,2013,0,0,0,0,0,9,0,0,0,0,0,0,0,0,0,0,0,,,,West. Michigan,College Stats
7,252,STL,Daryl Richardson\RichDa00,RB,22,2016,0,0,0,7,7,27,0,0,0,0,0,169,697,0,38,284,0,,,,Abilene Christian,
7,253,IND,Chandler Harnish\HarnCh00,QB,24,2014,0,0,0,0,0,0,0,0,0,0,0,0,0,0,0,0,0,,,,Northern Illinois,College Stats