,,,,,,,Misc,Misc,,Approx Val,Approx Val,,Passing,Passing,Passing,Passing,Passing,Rushing,Rushing,Rushing,Receiving,Receiving,Receiving,,,,,
Rnd,Pick,Tm,Player,Pos,Age,To,AP1,PB,St,CarAV,DrAV,G,Cmp,Att,Yds,TD,Int,Att,Yds,TD,Rec,Yds,TD,Solo,Int,Sk,College/Univ,
1,1,CLE,Myles Garrett\GarrMy00,DE,21,2020,0,1,3,22,22,40,0,0,0,0,0,0,0,0,0,0,0,82,,33.5,Texas A&M,College Stats
1,2,CHI,Mitchell Trubisky\TrubMi00,QB,23,2020,0,1,3,27,27,44,862,1366,9114,54,32,165,949,7,0,0,0,,,,North Carolina,College Stats
1,3,SFO,Solomon Thomas\ThomSo00,DE,22,2020,0,0,2,14,14,48,0,0,0,0,0,0,0,0,0,0,0,73,,6.0,Stanford,College Stats
1,4,JAX,Leonard Fournette\FourLe00,RB,22,2020,0,0,3,20,20,39,0,0,0,0,0,690,2754,19,141,1043,2,,,,LSU,College Stats
1,5,TEN,Corey Davis\DaviCo03,WR,22,2020,0,0,3,14,14,45,0,0,0,0,0,6,55,0,157,2073,7,,,,West. Michigan,College Stats
1,6,NYJ,Jamal Adams\AdamJa00,S,21,2020,1,2,3,28,28,49,0,0,0,0,0,0,0,0,0,0,0,224,2,14.0,LSU,College Stats
1,7,LAC,Mike Williams\WillMi07,WR,22,2020,0,0,1,15,15,44,0,0,0,0,0,8,30,1,110,1860,12,,,,Clemson,College Stats
1,8,CAR,Christian McCaffrey\McCaCh01,RB,21,2020,1,1,3,38,38,50,1,3,50,1,0,664,3076,28,310,2590,15,,,,Stanford,College Stats
1,9,CIN,John Ross\RossJo00,WR,22,2020,0,0,1,5,5,26,0,0,0,0,0,8,25,0,51,733,10,,,,Washington,College Stats
1,10,KAN,Patrick Mahomes\MahoPa00,QB,21,2020,1,2,2,39,39,33,775,1178,9925,81,18,116,554,4,0,0,0,,,,Texas Tech,College Stats
1,11,NOR,Marshon Lattimore\LattMa01,CB,21,2020,0,2,3,20,20,46,0,0,0,0,0,0,0,0,0,0,0,151,8,,Ohio St.,College Stats
1,12,HOU,Deshaun Watson\WatsDe00,QB,21,2020,0,2,2,38,38,41,868,1299,10508,75,32,229,1282,15,1,6,1,,,,Clemson,College Stats
1,13,ARI,Haason Reddick\ReddHa00,LB,22,2020,0,0,1,12,12,51,0,0,0,0,0,0,0,0,0,0,0,126,,9.5,Temple,College Stats
1,14,PHI,Derek Barnett\BarnDe01,DE,21,2020,0,0,1,13,13,37,0,0,0,0,0,0,0,0,0,0,0,59,,16.0,Tennessee,College Stats
1,15,IND,Malik Hooker\HookMa00,S,21,2020,0,0,3,13,13,36,0,0,0,0,0,0,0,0,0,0,0,81,7,,Ohio St.,College Stats
1,16,BAL,Marlon Humphrey\HumpMa00,CB,21,2020,1,1,2,20,20,48,0,0,0,0,0,0,0,0,0,0,0,121,8,0.5,Alabama,College Stats
1,17,WAS,Jonathan Allen\AlleJo01,DE,22,2020,0,0,2,16,16,39,0,0,0,0,0,0,0,0,0,0,0,95,,16.5,Alabama,College Stats
1,18,TEN,Adoree' Jackson\JackAd00,CB,21,2019,0,0,3,15,15,43,0,0,0,0,0,5,55,0,0,0,0,167,2,,USC,College Stats
1,19,TAM,O.J. Howard\HowaO.00,TE,22,2020,0,0,3,11,11,41,0,0,0,0,0,0,0,0,102,1552,13,,,,Alabama,College Stats
1,20,DEN,Garett Bolles\BollGa00,T,25,2020,0,0,3,22,22,51,0,0,0,0,0,0,0,0,0,0,0,,,,Utah,College Stats
1,21,DET,Jarrad Davis\DaviJa01,LB,21,2020,0,0,3,20,20,44,0,0,0,0,0,0,0,0,0,0,0,181,1,10.0,Florida,College Stats
1,22,MIA,Charles Harris\HarrCh03,OLB,22,2020,0,0,0,7,7,42,0,0,0,0,0,0,0,0,0,0,0,35,,4.5,Missouri,College Stats
1,23,NYG,Evan Engram\EngrEv00,TE,23,2020,0,0,3,13,13,37,0,0,0,0,0,7,57,0,164,1862,12,,,,Mississippi,College Stats
1,24,OAK,Gareon Conley\ConlGa00,CB,22,2019,0,0,1,9,7,31,0,0,0,0,0,0,0,0,0,0,0,65,4,,Ohio St.,College Stats
1,25,CLE,Jabrill Peppers\PeppJa00,S,21,2020,0,0,3,14,11,43,0,0,0,0,0,0,0,0,0,0,0,152,3,1.0,Michigan,College Stats
1,26,ATL,Takkarist McKinley\McKiTa00,DE,21,2020,0,0,2,12,12,47,0,0,0,0,0,0,0,0,0,0,0,52,,17.5,UCLA,College Stats
1,27,BUF,Tre'Davious White\WhitTr01,CB,22,2020,1,1,3,29,29,50,0,0,0,0,0,0,0,0,0,0,0,150,12,1.0,LSU,College Stats
1,28,DAL,Taco Charlton\CharTa00,DE,22,2020,0,0,0,8,6,38,0,0,0,0,0,0,0,0,0,0,0,43,,10.0,Michigan,College Stats
1,29,CLE,David Njoku\NjokDa00,TE,21,2020,0,0,1,7,7,37,0,0,0,0,0,1,1,0,96,1116,10,,,,Miami (FL),College Stats
1,30,PIT,T.J. Watt\WattT.00,OLB,22,2020,1,2,3,31,31,50,0,0,0,0,0,0,0,0,0,0,0,133,4,38.0,Wisconsin,College Stats
1,31,SFO,Reuben Foster\FostRe00,LB,23,2018,0,0,2,8,8,16,0,0,0,0,0,0,0,0,0,0,0,84,,,Alabama,College Stats
1,32,NOR,Ryan Ramczyk\RamcRy00,T,23,2020,1,0,3,41,41,50,0,0,0,0,0,0,0,0,0,0,0,,,,Wisconsin,College Stats
2,33,GNB,Kevin King\KingKe01,CB,22,2020,0,0,2,10,10,33,0,0,0,0,0,0,0,0,0,0,0,102,6,1.0,Washington,College Stats
2,34,JAX,Cam Robinson\RobiCa00,T,21,2020,0,0,2,17,17,34,0,0,0,0,0,0,0,0,0,0,0,,,,Alabama,College Stats
2,35,SEA,Malik McDowell\McDoMa00,DT,21,,0,0,0,,,,,,,,,,,,,,,,,,Michigan St.,College Stats
2,36,ARI,Budda Baker\BakeBu00,S,21,2020,1,2,2,20,20,49,0,0,0,0,0,0,0,0,0,0,0,262,,3.5,Washington,College Stats
2,37,BUF,Zay Jones\JoneZa00,WR,22,2020,0,0,2,10,9,49,0,1,0,0,0,2,3,0,114,1231,10,,,,East Carolina,College Stats
2,38,LAC,Forrest Lamp\LampFo00,G,23,2020,0,0,0,1,1,12,0,0,0,0,0,0,0,0,0,0,0,,,,Western Kentucky,College Stats
2,39,NYJ,Marcus Maye\MayeMa00,S,24,2020,0,0,3,14,14,41,0,0,0,0,0,0,0,0,0,0,0,151,4,2.5,Florida,College Stats
2,40,CAR,Curtis Samuel\SamuCu00,WR,21,2020,0,0,2,12,12,41,0,0,0,0,0,40,316,3,119,1332,11,5,,,Ohio St.,College Stats
2,41,MIN,Dalvin Cook\CookDa01,RB,22,2020,0,1,2,23,23,32,0,0,0,0,0,505,2398,21,109,938,2,,,,Florida St.,College Stats
2,42,NOR,Marcus Williams\WillMa06,S,20,2020,0,0,3,16,16,49,0,0,0,0,0,0,0,0,0,0,0,156,11,1.0,Utah,College Stats
2,43,PHI,Sidney Jones\JoneSi00,CB,21,2020,0,0,0,4,4,24,0,0,0,0,0,0,0,0,0,0,0,43,2,,Washington,College Stats
2,44,LAR,Gerald Everett\EverGe00,TE,23,2020,0,0,0,9,9,48,0,0,0,0,0,4,29,0,89,1013,7,,,,South Alabama,College Stats
2,45,CHI,Adam Shaheen\ShahAd00,TE,22,2020,0,0,1,2,2,30,0,0,0,0,0,0,0,0,27,253,4,1,,,Ashland,
2,46,IND,Quincy Wilson\WilsQu01,CB,21,2020,0,0,0,5,5,31,0,0,0,0,0,0,0,0,0,0,0,49,2,,Florida,College Stats
2,47,BAL,Tyus Bowser\BowsTy00,OLB,22,2020,0,0,0,6,6,49,0,0,0,0,0,0,0,0,0,0,0,40,1,10.5,Houston,College Stats
2,48,CIN,Joe Mixon\MixoJo00,RB,21,2020,0,0,2,24,24,47,0,0,0,0,0,745,3095,17,115,928,4,,,,Oklahoma,College Stats
2,49,WAS,Ryan Anderson\AndeRy00,OLB,23,2020,0,0,0,5,5,46,0,0,0,0,0,0,0,0,0,0,0,51,,6.0,Alabama,College Stats
2,50,TAM,Justin Evans\EvanJu00,S,22,2018,0,0,2,8,8,24,0,0,0,0,0,0,0,0,0,0,0,93,4,,Texas A&M,College Stats
2,51,DEN,DeMarcus Walker\WalkDe03,DE,22,2020,0,0,0,4,4,25,0,0,0,0,0,0,0,0,0,0,0,22,,6.0,Florida St.,College Stats
2,52,CLE,DeShone Kizer\KizeDe00,QB,21,2018,0,0,1,6,5,18,275,518,3081,11,24,82,458,5,0,0,0,,,,Notre Dame,College Stats
2,53,DET,Teez Tabor\TaboTe00,CB,21,2018,0,0,0,3,3,22,0,0,0,0,0,0,0,0,0,0,0,36,,,Florida,College Stats
2,54,MIA,Raekwon McMillan\McMiRa02,LB,21,2020,0,0,2,11,11,32,0,0,0,0,0,0,0,0,0,0,0,107,,,Ohio St.,College Stats
2,55,NYG,Dalvin Tomlinson\TomlDa00,DT,23,2020,0,0,3,20,20,51,0,0,0,0,0,0,0,0,0,0,0,88,,4.5,Alabama,College Stats
2,56,OAK,Obi Melifonwu\MeliOb00,S,23,2018,0,0,0,1,1,7,0,0,0,0,0,0,0,0,0,0,0,9,,,Connecticut,College Stats
2,57,HOU,Zach Cunningham\CunnZa00,LB,22,2020,0,0,3,21,21,49,0,0,0,0,0,0,0,0,0,0,0,244,1,4.5,Vanderbilt,College Stats
2,58,SEA,Ethan Pocic\PociEt00,C,22,2020,0,0,0,8,8,33,0,0,0,0,0,0,0,0,0,0,0,,,,LSU,College Stats
2,59,KAN,Tanoh Kpassagnon\KpasTa00,DE,23,2020,0,0,1,8,8,47,0,0,0,0,0,0,0,0,0,0,0,35,,6.0,Villanova,
2,60,DAL,Chidobe Awuzie\AwuzCh00,CB,22,2020,0,0,2,14,14,43,0,0,0,0,0,0,0,0,0,0,0,122,4,,Colorado,College Stats
2,61,GNB,Josh Jones\JoneJo06,S,22,2020,0,0,0,5,5,38,0,0,0,0,0,0,0,0,0,0,0,117,1,3.0,North Carolina St.,College Stats
2,62,PIT,JuJu Smith-Schuster\SmitJu00,WR,20,2020,0,1,2,24,24,45,0,0,0,0,0,1,13,0,228,3055,20,,,,USC,College Stats
2,63,BUF,Dion Dawkins\DawkDi00,G,23,2020,0,0,3,19,19,51,0,0,0,0,0,0,0,0,2,8,2,,,,Temple,College Stats
2,64,CAR,Taylor Moton\MotoTa00,G,23,2020,0,0,2,18,18,51,0,0,0,0,0,0,0,0,0,0,0,,,,West. Michigan,College Stats
3,65,CLE,Larry Ogunjobi\OgunLa00,DT,23,2020,0,0,2,16,16,48,0,0,0,0,0,0,0,0,0,0,0,90,,12.0,Charlotte,College Stats
3,66,SFO,Ahkello Witherspoon\WithAh00,CB,22,2020,0,0,2,10,10,38,0,0,0,0,0,0,0,0,0,0,0,86,3,,Colorado,College Stats
3,67,NOR,Alvin Kamara\KamaAl00,RB,22,2020,0,3,2,41,41,48,1,1,13,0,0,516,2561,30,270,2353,13,,,,Tennessee,College Stats
3,68,JAX,Dawuane Smoot\SmooDa00,DE,22,2020,0,0,0,5,5,43,0,0,0,0,0,0,0,0,0,0,0,30,,6.0,Illinois,College Stats
3,69,LAR,Cooper Kupp\KuppCo00,WR,24,2020,0,0,2,23,23,42,0,2,0,0,0,8,48,0,214,2824,22,,,,East. Washington,
3,70,MIN,Pat Elflein\ElflPa00,C,23,2020,0,0,3,21,21,44,0,0,0,0,0,0,0,0,0,0,0,,,,Ohio St.,College Stats
3,71,LAC,Dan Feeney\FeenDa00,G,23,2020,0,0,3,20,20,50,0,0,0,0,0,0,0,0,0,0,0,,,,Indiana,College Stats
3,72,TEN,Taywan Taylor\TaylTa00,WR,22,2019,0,0,0,6,6,32,0,0,0,0,0,8,43,0,53,697,2,4,,,Western Kentucky,College Stats
3,73,CIN,Jordan Willis\WillJo09,OLB,22,2020,0,0,0,5,4,43,0,0,0,0,0,0,0,0,0,0,0,36,,3.0,Kansas St.,College Stats
3,74,BAL,Chris Wormley\WormCh00,DE,23,2020,0,0,2,10,10,42,0,0,0,0,0,0,0,0,0,0,0,36,,2.5,Michigan,College Stats
3,75,ATL,Duke Riley\RileDu00,LB,23,2020,0,0,1,8,7,47,0,0,0,0,0,0,0,0,0,0,0,68,,0.5,LSU,College Stats
3,76,NOR,Alex Anzalone\AnzaAl00,LB,22,2020,0,0,0,6,6,25,0,0,0,0,0,0,0,0,0,0,0,67,1,4.0,Florida,College Stats
3,77,CAR,Daeshon Hall\HallDa01,DE,22,2019,0,0,0,1,0,13,0,0,0,0,0,0,0,0,0,0,0,6,,1.5,Texas A&M,College Stats
3,78,BAL,Tim Williams\WillTi00,OLB,23,2019,0,0,0,2,2,20,0,0,0,0,0,0,0,0,0,0,0,13,,2.0,Alabama,College Stats
3,79,NYJ,ArDarius Stewart\StewAr00,WR,23,2017,0,0,0,1,1,15,0,0,0,0,0,7,27,0,6,82,0,,,,Alabama,College Stats
3,80,IND,Tarell Basham\BashTa00,DE,23,2020,0,0,0,5,1,45,0,0,0,0,0,0,0,0,0,0,0,35,1,4.0,Ohio,College Stats
3,81,WAS,Fabian Moreau\MoreFa00,CB,23,2020,0,0,1,8,8,47,0,0,0,0,0,0,0,0,0,0,0,79,5,,UCLA,College Stats
3,82,DEN,Carlos Henderson\HendCa01,WR,22,,0,0,0,,,,,,,,,,,,,,,,,,Louisiana Tech,College Stats
3,83,NWE,Derek Rivers\RiveDe00,DE,23,2020,0,0,0,1,1,9,0,0,0,0,0,0,0,0,0,0,0,3,,2.5,Youngstown St.,
3,84,TAM,Chris Godwin\GodwCh00,WR,21,2020,0,1,1,19,19,48,0,0,0,0,0,1,8,0,190,2843,18,7,,,Penn St.,College Stats
3,85,NWE,Antonio Garcia\GarcAn00,T,23,,0,0,0,,,,,,,,,,,,,,,,,,Troy,College Stats
3,86,KAN,Kareem Hunt\HuntKa00,RB,22,2020,0,1,2,28,25,38,0,0,0,0,0,535,2534,18,124,1160,13,,,,Toledo,College Stats
3,87,NYG,Davis Webb\WebbDa00,QB,22,,0,0,0,,,,,,,,,,,,,,,,,,California,College Stats
3,88,OAK,Eddie Vanderdoes\VandEd00,DT,22,2019,0,0,1,5,5,19,0,0,0,0,0,0,0,0,0,0,0,18,,,UCLA,College Stats
3,89,HOU,D'Onta Foreman\ForeDO00,RB,21,2018,0,0,0,3,3,11,0,0,0,0,0,85,326,2,8,111,1,,,,Texas,College Stats
3,90,SEA,Shaquill Griffin\GrifSh00,DB,22,2020,0,1,3,18,18,48,0,0,0,0,0,0,0,0,0,0,0,168,4,1.0,Central Florida,College Stats
3,91,LAR,John Johnson\JohnJo10,S,21,2020,0,0,2,13,13,41,0,0,0,0,0,0,0,0,0,0,0,176,8,,Boston Col.,College Stats
3,92,DAL,Jourdan Lewis\LewiJo01,CB,22,2020,0,0,0,9,9,48,0,0,0,0,0,2,12,0,0,0,0,103,4,4.0,Michigan,College Stats
3,93,GNB,Montravius Adams\AdamMo00,DT,22,2020,0,0,0,4,4,39,0,0,0,0,0,0,0,0,0,0,0,16,,1.5,Auburn,College Stats
3,94,PIT,Cameron Sutton\SuttCa00,CB,22,2020,0,0,0,4,4,39,0,0,0,0,0,0,0,0,0,0,0,37,2,1.0,Tennessee,College Stats
3,95,SEA,Delano Hill\HillDe02,S,21,2020,0,0,0,5,5,42,0,0,0,0,0,0,0,0,0,0,0,41,,,Michigan,College Stats
3,96,DET,Kenny Golladay\GollKe00,WR,23,2020,0,1,2,20,20,43,0,0,0,0,0,2,17,0,169,2787,20,,,,Northern Illinois,College Stats
3,97,MIA,Cordrea Tankersley\TankCo00,CB,23,2018,0,0,1,3,3,17,0,0,0,0,0,0,0,0,0,0,0,26,,,Clemson,College Stats
3,98,ARI,Chad Williams\WillCh05,WR,22,2019,0,0,1,1,1,17,0,0,0,0,0,3,42,0,20,202,1,,,,Grambling St.,
3,99,PHI,Rasul Douglas\DougRa00,CB,22,2020,0,0,0,10,10,49,0,0,0,0,0,0,0,0,0,0,0,105,5,,West Virginia,College Stats
3,100,TEN,Jonnu Smith\SmitJo01,TE,22,2020,0,0,3,7,7,48,0,0,0,0,0,4,78,0,86,1035,11,,,,Florida International,College Stats
3,101,DEN,Brendan Langley\LangBr00,CB,22,2018,0,0,0,1,1,16,0,0,0,0,0,0,0,0,0,0,0,6,,,Lamar,
3,102,SEA,Nazair Jones\JoneNa00,DT,22,2018,0,0,0,3,3,20,0,0,0,0,0,0,0,0,0,0,0,12,1,2.0,North Carolina,College Stats
3,103,NOR,Trey Hendrickson\HendTr00,OLB,22,2020,0,0,0,4,4,33,0,0,0,0,0,0,0,0,0,0,0,35,,8.5,Florida Atlantic,College Stats
3,104,SFO,C.J. Beathard\BeatC.00,QB,23,2018,0,0,0,7,7,13,225,393,2682,12,13,45,205,4,0,0,0,,,,Iowa,College Stats
3,105,PIT,James Conner\ConnJa00,RB,22,2020,0,1,2,16,16,40,0,0,0,0,0,403,1805,18,97,811,4,,,,Pittsburgh,College Stats
3,106,SEA,Amara Darboh\DarbAm00,WR,23,2017,0,0,0,1,1,16,0,0,0,0,0,0,0,0,8,71,0,2,,,Michigan,College Stats
3,107,TAM,Kendell Beckwith\BeckKe00,ILB,22,2017,0,0,0,4,4,16,0,0,0,0,0,0,0,0,0,0,0,60,,1.0,LSU,College Stats
4,108,GNB,Vince Biegel\BiegVi00,LB,24,2019,0,0,1,6,1,38,0,0,0,0,0,0,0,0,0,0,0,41,1,2.5,Wisconsin,College Stats
4,109,MIN,Jaleel Johnson\JohnJa09,DT,23,2020,0,0,0,5,5,40,0,0,0,0,0,0,0,0,0,0,0,30,,4.0,Iowa,College Stats
4,110,JAX,Dede Westbrook\WestDe00,WR,23,2020,0,0,1,13,13,39,0,1,0,0,0,14,125,0,160,1720,9,,,,Oklahoma,College Stats
4,111,SEA,Tedric Thompson\ThomTe00,S,22,2020,0,0,2,8,8,31,0,0,0,0,0,0,0,0,0,0,0,56,3,,Colorado,College Stats
4,112,CHI,Eddie Jackson\JackEd01,S,24,2020,1,2,3,29,29,49,0,0,0,0,0,0,0,0,0,0,0,164,10,2.0,Alabama,College Stats
4,113,LAC,Rayshawn Jenkins\JenkRa00,S,23,2020,0,0,1,8,8,49,0,0,0,0,0,0,0,0,0,0,0,63,3,1.5,Miami (FL),College Stats
4,114,WAS,Samaje Perine\PeriSa00,RB,21,2020,0,0,1,5,5,31,0,0,0,0,0,188,651,1,25,187,1,3,,,Oklahoma,College Stats
4,115,ARI,Dorian Johnson\JohnDo03,G,22,,0,0,0,,,,,,,,,,,,,,,,,,Pittsburgh,College Stats
4,116,CIN,Carl Lawson\LawsCa00,OLB,22,2020,0,0,0,5,5,38,0,0,0,0,0,0,0,0,0,0,0,38,,17.5,Auburn,College Stats
4,117,LAR,Josh Reynolds\ReynJo00,WR,22,2020,0,0,0,8,8,51,0,0,0,0,0,7,31,0,68,942,7,4,,,Texas A&M,College Stats
4,118,PHI,Mack Hollins\HollMa00,WR,23,2020,0,0,0,3,3,35,0,0,0,0,0,0,0,0,26,351,1,5,,,North Carolina,College Stats
4,119,CHI,Tarik Cohen\CoheTa00,RB,22,2020,1,1,2,20,20,51,2,3,22,2,0,264,1101,5,209,1575,9,1,,,North Carolina A&T,
4,120,MIN,Ben Gedeon\GedeBe00,ILB,22,2019,0,0,1,15,15,39,0,0,0,0,0,0,0,0,0,0,0,60,,,Michigan,College Stats
4,121,SFO,Joe Williams\WillJo12,RB,24,,0,0,0,,,,,,,,,,,,,,,,,,Utah,College Stats
4,122,BAL,Nico Siragusa\SiraNi00,G,23,,0,0,0,,,,,,,,,,,,,,,,,,San Diego St.,College Stats
4,123,WAS,Montae Nicholson\NichMo00,S,21,2019,0,0,1,11,11,35,0,0,0,0,0,0,0,0,0,0,0,92,3,,Michigan St.,College Stats
4,124,DET,Jalen Reeves-Maybin\ReevJa00,LB,22,2020,0,0,0,5,5,42,0,0,0,0,0,0,0,0,0,0,0,62,,0.5,Tennessee,College Stats
4,125,LAR,Samson Ebukam\EbukSa00,OLB,22,2020,0,0,2,13,13,51,0,0,0,0,0,0,0,0,0,0,0,79,1,9.5,East. Washington,
4,126,CLE,Howard Wilson\WilsHo00,CB,21,,0,0,0,,,,,,,,,,,,,,,,,,Houston,College Stats
4,127,DET,Michael Roberts\RobeMi01,TE,23,2018,0,0,0,1,1,23,0,0,0,0,0,0,0,0,13,146,3,,,,Toledo,College Stats
4,128,CIN,Josh Malone\MaloJo00,WR,21,2020,0,0,1,1,1,25,0,0,0,0,0,3,14,0,11,91,1,,,,Tennessee,College Stats
4,129,OAK,David Sharpe\SharDa02,T,21,2019,0,0,0,3,3,24,0,0,0,0,0,0,0,0,0,0,0,,,,Florida,College Stats
4,130,HOU,Julie'n Davenport\DaveJu00,T,22,2020,0,0,2,14,10,38,0,0,0,0,0,0,0,0,0,0,0,,,,Bucknell,
4,131,NWE,Deatrich Wise Jr.\WiseDe00,DE,23,2020,0,0,0,12,12,49,0,0,0,0,0,0,0,0,0,0,0,54,,12.0,Arkansas,College Stats
4,132,PHI,Donnel Pumphrey\PumpDo00,RB,22,,0,0,0,,,,,,,,,,,,,,,,,,San Diego St.,College Stats
4,133,DAL,Ryan Switzer\SwitRy00,WR,22,2019,0,0,0,3,1,41,0,0,0,0,0,10,26,0,50,321,1,,,,North Carolina,College Stats
4,134,GNB,Jamaal Williams\WillJa06,RB,22,2020,0,0,1,15,15,49,0,0,0,0,0,402,1578,8,96,749,7,5,,,BYU,College Stats
4,135,PIT,Joshua Dobbs\DobbJo00,QB,22,2018,0,0,0,0,0,5,6,12,43,0,1,4,11,0,0,0,0,,,,Tennessee,College Stats
4,136,ATL,Sean Harlow\HarlSe00,G,22,2019,0,0,0,0,0,1,0,0,0,0,0,0,0,0,0,0,0,,,,Oregon St.,College Stats
4,137,IND,Zach Banner\BannZa00,T,23,2020,0,0,0,1,,23,0,0,0,0,0,0,0,0,0,0,0,,,,USC,College Stats
4,138,CIN,Ryan Glasgow\GlasRy00,DT,23,2019,0,0,0,3,3,24,0,0,0,0,0,0,0,0,0,0,0,19,,,Michigan,College Stats
4,139,KAN,Jehu Chesson\ChesJe00,WR,23,2018,0,0,0,0,0,24,0,0,0,0,0,1,-4,0,3,25,0,6,,,Michigan,College Stats
4,140,NYG,Wayne Gallman\GallWa00,RB,22,2020,0,0,0,7,7,40,0,0,0,0,0,195,769,3,62,405,2,5,,,Clemson,College Stats
4,141,NYJ,Chad Hansen\HansCh00,WR,22,2017,0,0,0,1,1,15,0,0,0,0,0,0,0,0,9,94,0,1,,,California,College Stats
4,142,HOU,Carlos Watkins\WatkCa00,DT,23,2020,0,0,0,5,5,29,0,0,0,0,0,0,0,0,0,0,0,23,,3.0,Clemson,College Stats
4,143,IND,Marlon Mack\MackMa00,RB,21,2020,0,0,2,18,18,41,0,0,0,0,0,539,2383,20,55,440,2,,,,South Florida,College Stats
4,144,IND,Grover Stewart\StewGr00,DT,23,2020,0,0,1,8,8,49,0,0,0,0,0,0,0,0,0,0,0,42,,3.0,Albany State (GA),
5,145,DEN,Jake Butt\ButtJa00,TE,22,2020,0,0,0,1,1,6,0,0,0,0,0,0,0,0,10,90,0,1,,,Michigan,College Stats
5,146,SFO,George Kittle\KittGe00,TE,23,2020,1,2,2,24,24,46,0,0,0,0,0,7,41,0,220,2989,12,,,,Iowa,College Stats
5,147,CHI,Jordan Morgan\MorgJo02,G,23,,0,0,0,,,,,,,,,,,,,,,,,,Kutztown Pennsylvania,
5,148,JAX,Blair Brown\BrowBl00,LB,23,2018,0,0,0,3,3,28,0,0,0,0,0,0,0,0,0,0,0,13,,0.5,Ohio,College Stats
5,149,ATL,Damontae Kazee\KazeDa00,CB,24,2020,0,0,2,11,11,51,0,0,0,0,0,0,0,0,0,0,0,133,10,,San Diego St.,College Stats
5,150,NYJ,Jordan Leggett\LeggJo00,TE,22,2018,0,0,0,1,1,15,0,0,0,0,0,0,0,0,14,114,1,,,,Clemson,College Stats
5,151,LAC,Desmond King\KingDe01,S,22,2020,1,0,2,16,16,50,0,0,0,0,0,0,0,0,0,0,0,162,4,6.5,Iowa,College Stats
5,152,CAR,Corn Elder\EldeCo00,CB,22,2020,0,0,0,1,1,17,0,0,0,0,0,0,0,0,0,0,0,7,,,Miami (FL),College Stats
5,153,CIN,Jake Elliott\ElliJa03,K,22,2020,0,0,0,9,,50,0,1,0,0,1,0,0,0,0,0,0,1,,,Memphis,College Stats
5,154,WAS,Jeremy Sprinkle\SpriJe00,TE,23,2020,0,0,1,2,2,46,0,0,0,0,0,0,0,0,33,295,3,1,,,Arkansas,College Stats
5,155,TEN,Jayon Brown\BrowJa06,LB,22,2020,0,0,2,17,17,49,0,0,0,0,0,0,0,0,0,0,0,182,2,8.5,UCLA,College Stats
5,156,ATL,Brian Hill\HillBr02,RB,21,2020,0,0,0,5,4,32,0,0,0,0,0,124,601,3,18,155,1,4,,,Wyoming,College Stats
5,157,ARI,Will Holden\HoldWi00,T,23,2018,0,0,0,3,3,11,0,0,0,0,0,0,0,0,0,0,0,,,,Vanderbilt,College Stats
5,158,IND,Nate Hairston\HairNa00,CB,23,2020,0,0,1,8,5,40,0,0,0,0,0,0,0,0,0,0,0,77,2,2.0,Temple,College Stats
5,159,BAL,Jermaine Eluemunor\ElueJe00,G,22,2020,0,0,0,3,2,30,0,0,0,0,0,0,0,0,0,0,0,,,,Texas A&M,College Stats
5,160,CLE,Roderick Johnson\JohnRo06,T,21,2020,0,0,0,3,,19,0,0,0,0,0,0,0,0,0,0,0,,,,Florida St.,College Stats
5,161,IND,Anthony Walker\WalkAn01,LB,22,2020,0,0,2,16,16,44,0,0,0,0,0,0,0,0,0,0,0,175,2,3.5,Northwestern,College Stats
5,162,TAM,Jeremy McNichols\McNiJe00,RB,21,2020,0,0,0,0,,8,0,0,0,0,0,6,15,0,1,5,0,1,,,Boise St.,College Stats
5,163,BUF,Matt Milano\MilaMa00,LB,23,2020,0,0,2,23,23,46,0,0,0,0,0,0,0,0,0,0,0,159,5,3.5,Boston Col.,College Stats
5,164,MIA,Isaac Asiata\AsiaIs00,G,24,2018,0,0,0,0,0,2,0,0,0,0,0,0,0,0,0,0,0,,,,Utah,College Stats
5,165,DET,Jamal Agnew\AgneJa00,CB,22,2020,1,0,0,12,12,35,0,0,0,0,0,5,37,0,6,36,0,24,,,San Diego,
5,166,PHI,Shelton Gibson\GibsSh00,WR,22,2018,0,0,0,0,0,20,0,0,0,0,0,0,0,0,3,59,0,2,,,West Virginia,College Stats
5,167,NYG,Avery Moss\MossAv00,DE,22,2019,0,0,1,5,2,22,0,0,0,0,0,0,0,0,0,0,0,22,,,Youngstown St.,
5,168,OAK,Marquel Lee\LeexMa01,LB,21,2019,0,0,1,8,8,34,0,0,0,0,0,0,0,0,0,0,0,65,,,Wake Forest,College Stats
5,169,HOU,Treston Decoud\DecoTr00,S,24,2018,0,0,0,1,1,11,0,0,0,0,0,0,0,0,0,0,0,6,,,Oregon St.,College Stats
5,170,MIN,Rodney Adams\AdamRo01,WR,22,2017,0,0,0,0,0,1,0,0,0,0,0,0,0,0,0,0,0,,,,South Florida,College Stats
5,171,BUF,Nathan Peterman\PeteNa00,QB,23,2018,0,0,0,2,2,8,68,130,548,3,12,17,73,1,0,0,0,,,,Pittsburgh,College Stats
5,172,DEN,Isaiah McKenzie\McKeIs00,WR,22,2020,0,0,1,4,0,37,0,0,0,0,0,20,123,2,55,532,1,2,,,Georgia,College Stats
5,173,PIT,Brian Allen\AlleBr01,DB,23,2018,0,0,0,1,1,16,0,0,0,0,0,0,0,0,0,0,0,1,,,Utah,College Stats
5,174,ATL,Eric Saubert\SaubEr00,TE,23,2019,0,0,0,0,0,32,0,0,0,0,0,0,0,0,7,69,0,2,,,Drake,
5,175,GNB,DeAngelo Yancey\YancDe00,WR,22,,0,0,0,,,,,,,,,,,,,,,,,,Purdue,College Stats
5,176,CIN,JJ Dielman\DielJJ00,C,23,,0,0,0,,,,,,,,,,,,,,,,,,Utah,College Stats
5,177,SFO,Trent Taylor\TaylTr02,WR,23,2020,0,0,0,5,5,32,0,0,0,0,0,0,0,0,74,682,3,,,,Louisiana Tech,College Stats
5,178,MIA,Davon Godchaux\GodcDa00,DT,22,2020,0,0,2,15,15,50,0,0,0,0,0,0,0,0,0,0,0,97,,3.0,LSU,College Stats
5,179,ARI,T.J. Logan\LogaT.00,RB,23,2019,0,0,0,0,0,22,0,0,0,0,0,5,12,0,9,50,0,2,,,North Carolina,College Stats
5,180,MIN,Danny Isidora\IsidDa00,G,23,2019,0,0,0,4,3,24,0,0,0,0,0,0,0,0,0,0,0,,,,Miami (FL),College Stats
5,181,NYJ,Dylan Donahue\DonaDy00,DL,25,2017,0,0,0,0,0,4,0,0,0,0,0,0,0,0,0,0,0,4,,,West Georgia,
5,182,GNB,Aaron Jones\JoneAa00,RB,22,2020,0,0,2,20,20,43,0,0,0,0,0,500,2563,32,94,797,5,,,,Texas-El Paso,College Stats
5,183,KAN,Ukeme Eligwe\EligUk00,LB,23,2018,0,0,0,2,1,24,0,0,0,0,0,0,0,0,0,0,0,9,,1.0,Georgia Southern,College Stats
5,184,PHI,Nathan Gerry\GerrNa00,S,22,2020,0,0,1,12,12,42,0,0,0,0,0,0,0,0,0,0,0,81,3,2.5,Nebraska,College Stats
6,185,CLE,Caleb Brantley\BranCa00,DT,23,2019,0,0,0,2,2,20,0,0,0,0,0,0,0,0,0,0,0,13,,2.0,Florida,College Stats
6,186,BAL,Chuck Clark\ClarCh00,DB,22,2020,0,0,1,7,7,49,0,0,0,0,0,0,0,0,0,0,0,81,2,1.5,Virginia Tech,College Stats
6,187,SEA,Michael Tyson\TysoMi00,S,24,2018,0,0,0,1,,10,0,0,0,0,0,0,0,0,0,0,0,3,,,Cincinnati,College Stats
6,188,NYJ,Elijah McGuire\McGuEl00,RB,23,2018,0,0,0,6,6,24,0,0,0,0,0,180,591,4,36,370,2,,,,Louisiana,College Stats
6,189,LAR,Tanzel Smart\SmarTa00,DT,22,2019,0,0,0,4,4,31,0,0,0,0,0,0,0,0,0,0,0,11,,,Tulane,College Stats
6,190,LAC,Sam Tevi\TeviSa00,T,22,2020,0,0,2,18,18,47,0,0,0,0,0,0,0,0,0,0,0,,,,Utah,College Stats
6,191,DAL,Xavier Woods\WoodXa00,S,22,2020,0,0,2,13,13,48,0,0,0,0,0,0,0,0,0,0,0,137,5,,Louisiana Tech,College Stats
6,192,CAR,Alex Armah\ArmaAl00,FB,23,2020,0,0,0,1,1,44,0,0,0,0,0,17,27,3,4,25,0,2,,,West Georgia,
6,193,CIN,Jordan Evans\EvanJo01,LB,22,2020,0,0,0,7,7,48,0,0,0,0,0,0,0,0,0,0,0,73,1,1.5,Oklahoma,College Stats
6,194,MIA,Vincent Taylor\TaylVi00,DT,23,2020,0,0,0,3,2,27,0,0,0,0,0,0,0,0,0,0,0,35,,2.0,Oklahoma St.,College Stats
6,195,BUF,Tanner Vallejo\VallTa00,LB,22,2020,0,0,0,4,1,42,0,0,0,0,0,0,0,0,0,0,0,31,,1.0,Boise St.,College Stats
6,196,NOR,Al-Quadin Muhammad\MuhaAl00,DE,22,2020,0,0,0,6,0,38,0,0,0,0,0,0,0,0,0,0,0,37,,3.0,Miami (FL),College Stats
6,197,NYJ,Jeremy Clark\ClarJe04,CB,23,2018,0,0,0,0,0,2,0,0,0,0,0,0,0,0,0,0,0,,,,Michigan,College Stats
6,198,SFO,D.J. Jones\JoneD.01,DT,22,2020,0,0,1,8,8,33,0,0,0,0,0,0,0,0,0,0,0,42,,3.0,Mississippi,College Stats
6,199,WAS,Chase Roullier\RoulCh00,C,24,2020,0,0,3,14,14,46,0,0,0,0,0,0,0,0,0,0,0,,,,Wyoming,College Stats
6,200,NYG,Adam Bisnowaty\BisnAd00,T,23,2017,0,0,0,0,0,1,0,0,0,0,0,0,0,0,0,0,0,,,,Pittsburgh,College Stats
6,201,MIN,Bucky Hodges\HodgBu00,TE,22,,0,0,0,,,,,,,,,,,,,,,,,,Virginia Tech,College Stats
6,202,SFO,Pita Taumoepenu\TaumPi00,OLB,23,2018,0,0,0,0,0,6,0,0,0,0,0,0,0,0,0,0,0,3,,,Utah,College Stats
6,203,DEN,De'Angelo Henderson\HendDe01,RB,24,2018,0,0,0,0,0,8,0,0,0,0,0,9,32,0,2,36,1,2,,,Coastal Carolina,
6,204,NYJ,Derrick Jones\JoneDe02,CB,22,2018,0,0,0,0,0,4,0,0,0,0,0,0,0,0,0,0,0,3,,,Mississippi,College Stats
6,205,DET,Jeremiah Ledbetter\LedbJe00,DE,23,2018,0,0,0,1,1,17,0,0,0,0,0,0,0,0,0,0,0,7,,0.5,Arkansas,College Stats
6,206,LAR,Sam Rogers\RogeSa00,FB,22,,0,0,0,,,,,,,,,,,,,,,,,,Virginia Tech,College Stats
6,207,CIN,Brandon Wilson\WilsBr01,RB,23,2020,0,0,0,3,3,39,0,0,0,0,0,0,0,0,0,0,0,25,,,Houston,College Stats
6,208,ARI,Rudy Ford\FordRu00,S,22,2020,0,0,0,3,2,35,0,0,0,0,0,0,0,0,0,0,0,19,,,Auburn,College Stats
6,209,WAS,Robert Davis\DaviRo00,WR,22,2019,0,0,0,0,0,7,0,0,0,0,0,0,0,0,2,17,0,1,,,Georgia St.,College Stats
6,210,SEA,Justin Senior\SeniJu00,T,23,,0,0,0,,,,,,,,,,,,,,,,,,Mississippi St.,College Stats
6,211,NWE,Conor McDermott\McDeCo00,T,24,2020,0,0,0,1,,18,0,0,0,0,0,0,0,0,0,0,0,,,,UCLA,College Stats
6,212,GNB,Kofi Amichia\AmicKo00,C,23,,0,0,0,,,,,,,,,,,,,,,,,,South Florida,College Stats
6,213,PIT,Colin Holba\HolbCo00,LS,23,2019,0,0,0,0,,18,0,0,0,0,0,0,0,0,0,0,0,,,,Louisville,College Stats
6,214,PHI,Elijah Qualls\QualEl00,DT,22,2017,0,0,0,1,1,6,0,0,0,0,0,0,0,0,0,0,0,3,,,Washington,College Stats
6,215,DET,Brad Kaaya\KaayBr00,QB,22,,0,0,0,,,,,,,,,,,,,,,,,,Miami (FL),College Stats
6,216,DAL,Marquez White\WhitMa03,CB,22,,0,0,0,,,,,,,,,,,,,,,,,,Florida St.,College Stats
6,217,TEN,Corey Levin\LeviCo00,OL,23,2018,0,0,0,1,1,16,0,0,0,0,0,0,0,0,0,0,0,,,,Tenn-Chattanooga,
6,218,KAN,Leon McQuay\McQuLe01,S,22,2017,0,0,0,0,0,1,0,0,0,0,0,0,0,0,0,0,0,3,,,USC,College Stats
7,219,MIN,Stacy Coley\ColeSt00,WR,23,2018,0,0,0,0,0,7,0,0,0,0,0,0,0,0,0,0,0,,,,Miami (FL),College Stats
7,220,MIN,Ifeadi Odenigbo\OdenIf00,DL,23,2020,0,0,0,3,3,20,0,0,0,0,0,0,0,0,0,0,0,23,,7.0,Northwestern,College Stats
7,221,OAK,Shalom Luani\LuanSh00,S,23,2019,0,0,0,2,1,31,0,0,0,0,0,0,0,0,0,0,0,21,,,Washington St.,College Stats
7,222,JAX,Jalen Myrick\MyriJa00,CB,22,2017,0,0,0,0,0,5,0,0,0,0,0,0,0,0,0,0,0,,,,Minnesota,College Stats
7,223,TAM,Stevie Tu'ikolovatu\TuikSt00,NT,26,,0,0,0,,,,,,,,,,,,,,,,,,USC,College Stats
7,224,CLE,Zane Gonzalez\GonzZa00,K,22,2020,0,0,0,6,1,42,0,0,0,0,0,0,0,0,0,0,0,,,,Arizona St.,College Stats
7,225,LAC,Isaac Rochell\RochIs00,DT,22,2020,0,0,0,5,5,38,0,0,0,0,0,0,0,0,0,0,0,28,1,7.0,Notre Dame,College Stats
7,226,SEA,David Moore\MoorDa03,WR,22,2020,0,0,1,7,7,34,0,0,0,0,0,5,42,0,50,824,8,,,,East Central (OK),
7,227,TEN,Josh Carraway\CarrJo00,OLB,23,2017,0,0,0,0,0,1,0,0,0,0,0,0,0,0,0,0,0,,,,TCU,College Stats
7,228,DAL,Joey Ivie\IvieJo00,DT,22,2019,0,0,0,0,,8,0,0,0,0,0,0,0,0,0,0,0,,,,Florida,College Stats
7,229,SFO,Adrian Colbert\ColbAd00,DB,23,2020,0,0,1,5,4,28,0,0,0,0,0,0,0,0,0,0,0,65,,,Miami (FL),College Stats
7,230,WAS,Josh Harvey-Clemons\HarvJo01,S,23,2019,0,0,0,3,3,35,0,0,0,0,0,0,0,0,0,0,0,29,,1.5,Louisville,College Stats
7,231,OAK,Jylan Ware\WareJy00,T,23,2017,0,0,0,0,0,1,0,0,0,0,0,0,0,0,0,0,0,,,,Alabama St.,
7,232,MIN,Elijah Lee\LeexEl00,LB,21,2020,0,0,0,6,,41,0,0,0,0,0,0,0,0,0,0,0,61,,1.0,Kansas St.,College Stats
7,233,CAR,Harrison Butker\ButkHa00,K,22,2020,0,0,0,13,,47,0,0,0,0,0,0,0,0,0,0,0,1,,,Georgia Tech,College Stats
7,234,LAR,Ejuan Price\PricEj00,DE,24,2017,0,0,0,0,0,1,0,0,0,0,0,0,0,0,0,0,0,,,,Pittsburgh,College Stats
7,235,WAS,Joshua Holsey\HolsJo01,DB,23,2018,0,0,0,1,1,13,0,0,0,0,0,0,0,0,0,0,0,4,,,Auburn,College Stats
7,236,TEN,Brad Seaton\SeatBr00,T,23,,0,0,0,,,,,,,,,,,,,,,,,,Villanova,
7,237,MIA,Isaiah Ford\FordIs00,WR,21,2020,0,0,0,2,2,12,0,0,0,0,0,1,11,0,34,347,0,,,,Virginia Tech,College Stats
7,238,GNB,Devante Mays\MaysDe00,RB,23,2017,0,0,0,0,0,8,0,0,0,0,0,4,1,0,3,0,0,,,,Utah St.,College Stats
7,239,DAL,Noah Brown\BrowNo00,WR,21,2020,0,0,0,0,0,24,0,0,0,0,0,0,0,0,12,124,0,5,,,Ohio St.,College Stats
7,240,JAX,Marquez Williams\WillMa09,FB,23,2017,0,0,0,0,,1,0,0,0,0,0,0,0,0,0,0,0,,,,Miami (FL),College Stats
7,241,TEN,Khalfani Muhammad\MuhaKh00,RB,22,,0,0,0,,,,,,,,,,,,,,,,,,California,College Stats
7,242,OAK,Elijah Hood\HoodEl00,RB,21,2017,0,0,0,0,0,1,0,0,0,0,0,0,0,0,0,0,0,,,,North Carolina,College Stats
7,243,HOU,Kyle Fuller\FullKy01,C,23,2018,0,0,0,1,1,11,0,0,0,0,0,0,0,0,0,0,0,,,,Baylor,College Stats
7,244,OAK,Treyvon Hester\HestTr00,DT,24,2019,0,0,0,3,1,41,0,0,0,0,0,0,0,0,0,0,0,19,,2.0,Toledo,College Stats
7,245,MIN,Jack Tocho\TochJa00,CB,21,,0,0,0,,,,,,,,,,,,,,,,,,North Carolina St.,College Stats
7,246,DAL,Jordan Carrell\CarrJo01,DT,23,,0,0,0,,,,,,,,,,,,,,,,,,Colorado,College Stats
7,247,GNB,Malachi Dupre\DuprMa01,WR,21,2018,0,0,0,0,,1,0,0,0,0,0,0,0,0,0,0,0,,,,LSU,College Stats
7,248,PIT,Keion Adams\AdamKe02,OLB,22,,0,0,0,,,,,,,,,,,,,,,,,,West. Michigan,College Stats
7,249,SEA,Chris Carson\CarsCh00,RB,22,2020,0,0,2,21,21,36,0,0,0,0,0,611,2746,16,76,581,6,,,,Oklahoma St.,College Stats
7,250,DET,Pat O'Connor\OConPa00,DE,23,2020,0,0,0,1,,14,0,0,0,0,0,0,0,0,0,0,0,4,,,East. Michigan,College Stats
7,251,CIN,Mason Schreck\SchrMa00,TE,23,2020,0,0,0,0,0,9,0,0,0,0,0,0,0,0,0,0,0,,,,Buffalo,College Stats
7,252,CLE,Matthew Dayes\DayeMa00,RB,23,2018,0,0,0,0,0,23,0,0,0,0,0,5,13,0,4,29,0,9,,,North Carolina St.,College Stats
7,253,DEN,Chad Kelly\KellCh00,QB,23,2018,0,0,0,0,0,1,0,0,0,0,0,1,-1,0,0,0,0,,,,Mississippi,College Stats