,,,,,,,Misc,Misc,,Approx Val,Approx Val,,Passing,Passing,Passing,Passing,Passing,Rushing,Rushing,Rushing,Receiving,Receiving,Receiving,,,,,
Rnd,Pick,Tm,Player,Pos,Age,To,AP1,PB,St,CarAV,DrAV,G,Cmp,Att,Yds,TD,Int,Att,Yds,TD,Rec,Yds,TD,Solo,Int,Sk,College/Univ,
1,1,CLE,Baker Mayfield\MayfBa00,QB,23,2020,0,0,2,21,21,33,680,1105,8116,54,37,73,281,3,0,0,0,,,,Oklahoma,College Stats
1,2,NYG,Saquon Barkley\BarkSa00,RB,21,2020,0,1,2,23,23,31,0,0,0,0,0,497,2344,17,149,1219,6,,,,Penn St.,College Stats
1,3,NYJ,Sam Darnold\DarnSa00,QB,21,2020,0,0,2,13,13,29,571,951,6451,39,32,85,233,3,0,0,0,,,,USC,College Stats
1,4,CLE,Denzel Ward\WardDe02,CB,21,2020,0,1,2,13,13,28,0,0,0,0,0,0,0,0,0,0,0,85,5,,Ohio St.,College Stats
1,5,DEN,Bradley Chubb\ChubBr00,DE,22,2020,0,0,1,10,10,23,0,0,0,0,0,0,0,0,0,0,0,63,,13.0,North Carolina St.,College Stats
1,6,IND,Quenton Nelson\NelsQu00,G,22,2020,2,2,2,29,29,35,0,0,0,0,0,1,0,0,0,0,0,,,,Notre Dame,College Stats
1,7,BUF,Josh Allen\AlleJo02,QB,22,2020,0,0,2,17,17,31,521,895,6201,40,22,220,1225,19,0,0,0,,,,Wyoming,College Stats
1,8,CHI,Roquan Smith\SmitRo07,ILB,21,2020,0,0,2,16,16,31,0,0,0,0,0,0,0,0,0,0,0,169,2,7.0,Georgia,College Stats
1,9,SFO,Mike McGlinchey\McGlMi00,T,24,2020,0,0,2,16,16,31,0,0,0,0,0,0,0,0,0,0,0,,,,Notre Dame,College Stats
1,10,ARI,Josh Rosen\RoseJo01,QB,21,2019,0,0,1,3,2,20,275,502,2845,12,19,26,151,0,0,0,0,,,,UCLA,College Stats
1,11,MIA,Minkah Fitzpatrick\FitzMi00,S,21,2020,1,1,1,23,9,35,0,0,0,0,0,0,0,0,0,0,0,106,7,,Alabama,College Stats
1,12,TAM,Vita Vea\VeaxVi00,DT,23,2020,0,0,1,11,11,32,0,0,0,0,0,0,0,0,1,1,1,42,,6.5,Washington,College Stats
1,13,WAS,Da'Ron Payne\PaynDa00,DT,21,2020,0,0,2,12,12,34,0,0,0,0,0,0,0,0,0,0,0,70,,7.5,Alabama,College Stats
1,14,NOR,Marcus Davenport\DaveMa00,DE,22,2019,0,0,1,7,7,26,0,0,0,0,0,0,0,0,0,0,0,27,,10.5,Texas-San Antonio,College Stats
1,15,OAK,Kolton Miller\MillKo00,T,22,2020,0,0,2,15,15,35,0,0,0,0,0,0,0,0,0,0,0,,,,UCLA,College Stats
1,16,BUF,Tremaine Edmunds\EdmuTr01,ILB,20,2020,0,1,2,23,23,33,0,0,0,0,0,0,0,0,0,0,0,152,3,3.5,Virginia Tech,College Stats
1,17,LAC,Derwin James\JameDe00,S,22,2019,1,1,1,11,11,21,0,0,0,0,0,0,0,0,0,0,0,98,3,3.5,Florida St.,College Stats
1,18,GNB,Jaire Alexander\AlexJa00,CB,21,2020,0,0,2,11,11,32,0,0,0,0,0,0,0,0,0,0,0,121,4,1.5,Louisville,College Stats
1,19,DAL,Leighton Vander Esch\VandLe00,OLB,22,2020,0,1,2,16,16,26,0,0,0,0,0,0,0,0,0,0,0,147,2,0.5,Boise St.,College Stats
1,20,DET,Frank Ragnow\RagnFr00,C,22,2020,0,0,2,13,13,34,0,0,0,0,0,0,0,0,0,0,0,1,,,Arkansas,College Stats
1,21,CIN,Billy Price\PricBi01,C,23,2020,0,0,1,9,9,29,0,0,0,0,0,0,0,0,0,0,0,,,,Ohio St.,College Stats
1,22,TEN,Rashaan Evans\EvanRa01,ILB,22,2020,0,0,1,14,14,34,0,0,0,0,0,0,0,0,0,0,0,112,,2.5,Alabama,College Stats
1,23,NWE,Isaiah Wynn\WynnIs00,T,21,2020,0,0,1,4,4,11,0,0,0,0,0,0,0,0,0,0,0,,,,Georgia,College Stats
1,24,CAR,D.J. Moore\MoorD.00,WR,21,2020,0,0,2,16,16,34,0,0,0,0,0,19,212,0,156,2202,6,1,,,Maryland,College Stats
1,25,BAL,Hayden Hurst\HursHa00,TE,25,2020,0,0,0,6,6,31,0,0,0,0,0,1,0,0,52,623,5,,,,South Carolina,College Stats
1,26,ATL,Calvin Ridley\RidlCa00,WR,23,2020,0,0,1,14,14,32,0,0,0,0,0,10,67,0,148,2036,21,,,,Alabama,College Stats
1,27,SEA,Rashaad Penny\PennRa00,RB,22,2019,0,0,0,7,7,24,0,0,0,0,0,150,789,5,17,158,1,,,,San Diego St.,College Stats
1,28,PIT,Terrell Edmunds\EdmuTe00,S,21,2020,0,0,2,12,12,35,0,0,0,0,0,0,0,0,0,0,0,139,1,2.0,Virginia Tech,College Stats
1,29,JAX,Taven Bryan\BryaTa00,DT,22,2020,0,0,1,6,6,35,0,0,0,0,0,0,0,0,0,0,0,32,,3.0,Florida,College Stats
1,30,MIN,Mike Hughes\HughMi00,CB,21,2020,0,0,0,4,4,22,0,0,0,0,0,0,0,0,0,0,0,65,2,,Central Florida,College Stats
1,31,NWE,Sony Michel\MichSo00,RB,23,2020,0,0,2,12,12,32,0,0,0,0,0,482,2016,14,21,167,0,,,,Georgia,College Stats
1,32,BAL,Lamar Jackson\JackLa00,QB,21,2020,1,1,1,33,33,33,402,620,4807,46,9,346,2000,12,0,0,0,,,,Louisville,College Stats
2,33,CLE,Austin Corbett\CorbAu00,C,23,2020,0,0,1,4,1,25,0,0,0,0,0,0,0,0,0,0,0,,,,Nevada,College Stats
2,34,NYG,Will Hernandez\HernWi00,G,23,2020,0,0,2,15,15,35,0,0,0,0,0,0,0,0,0,0,0,,,,Texas-El Paso,College Stats
2,35,CLE,Nick Chubb\ChubNi00,RB,22,2020,0,1,2,18,18,35,0,0,0,0,0,541,2782,20,59,444,2,2,,,Georgia,College Stats
2,36,IND,Darius Leonard\LeonDa00,LB,23,2020,1,1,2,29,29,31,0,0,0,0,0,0,0,0,0,0,0,199,7,12.0,South Carolina St.,
2,37,IND,Braden Smith\SmitBr06,G,22,2020,0,0,2,14,14,34,0,0,0,0,0,0,0,0,0,0,0,,,,Auburn,College Stats
2,38,TAM,Ronald Jones II\JoneRo01,RB,21,2020,0,0,1,7,7,28,0,0,0,0,0,232,910,8,44,382,0,1,,,USC,College Stats
2,39,CHI,James Daniels\DaniJa01,C,20,2020,0,0,2,11,11,35,0,0,0,0,0,0,0,0,0,0,0,,,,Iowa,College Stats
2,40,DEN,Courtland Sutton\SuttCo00,WR,22,2020,0,1,1,14,14,33,1,1,38,0,0,4,16,0,117,1882,10,1,,,SMU,College Stats
2,41,TEN,Harold Landry\LandHa00,OLB,22,2020,0,0,1,12,12,34,0,0,0,0,0,0,0,0,0,0,0,76,2,13.5,Boston Col.,College Stats
2,42,MIA,Mike Gesicki\GesiMi00,TE,22,2020,0,0,0,6,6,35,0,0,0,0,0,0,0,0,85,947,7,,,,Penn St.,College Stats
2,43,DET,Kerryon Johnson\JohnKe06,RB,21,2020,0,0,1,8,8,21,0,0,0,0,0,249,1106,7,43,354,2,,,,Auburn,College Stats
2,44,SFO,Dante Pettis\PettDa00,WR,22,2020,0,0,0,4,4,26,1,1,16,0,0,1,-2,0,38,576,7,,,,Washington,College Stats
2,45,GNB,Josh Jackson\JackJo01,CB,22,2020,0,0,0,5,5,33,0,0,0,0,0,0,0,0,0,0,0,50,,,Iowa,College Stats
2,46,KAN,Breeland Speaks\SpeaBr00,DE,22,2018,0,0,0,3,3,16,0,0,0,0,0,0,0,0,0,0,0,15,,1.5,Mississippi,College Stats
2,47,ARI,Christian Kirk\KirkCh01,WR,21,2020,0,0,2,11,11,27,0,0,0,0,0,14,131,0,114,1356,6,,,,Texas A&M,College Stats
2,48,LAC,Uchenna Nwosu\NwosUc00,OLB,21,2020,0,0,0,6,6,35,0,0,0,0,0,0,0,0,0,0,0,45,,6.5,USC,College Stats
2,49,PHI,Dallas Goedert\GoedDa00,TE,23,2020,0,0,2,8,8,34,0,0,0,0,0,0,0,0,104,1079,10,4,,,South Dakota St.,
2,50,DAL,Connor Williams\WillCo00,T,21,2020,0,0,2,9,9,27,0,0,0,0,0,0,0,0,0,0,0,,,,Texas,College Stats
2,51,CHI,Anthony Miller\MillAn02,WR,23,2020,0,0,1,9,9,34,1,1,8,0,0,8,34,0,91,1196,11,3,,,Memphis,College Stats
2,52,IND,Kemoko Turay\TuraKe00,OLB,23,2019,0,0,0,3,3,18,0,0,0,0,0,0,0,0,0,0,0,13,,5.5,Rutgers,College Stats
2,53,TAM,M.J. Stewart\StewM.00,CB,22,2020,0,0,0,3,3,24,0,0,0,0,0,0,0,0,0,0,0,63,,,North Carolina,College Stats
2,54,CIN,Jessie Bates III\BateJe00,S,21,2020,0,0,2,11,11,35,0,0,0,0,0,0,0,0,0,0,0,154,6,,Wake Forest,College Stats
2,55,CAR,Donte Jackson\JackDo02,CB,22,2020,0,0,2,10,10,32,0,0,0,0,0,0,0,0,0,0,0,97,9,1.0,LSU,College Stats
2,56,NWE,Duke Dawson\DawsDu00,CB,21,2020,0,0,0,2,,17,0,0,0,0,0,0,0,0,0,0,0,16,,,Florida,College Stats
2,57,OAK,P.J. Hall\HallP.00,DT,23,2020,0,0,1,8,8,33,0,0,0,0,0,0,0,0,0,0,0,41,,1.5,Sam Houston St.,
2,58,ATL,Isaiah Oliver\OlivIs00,CB,21,2020,0,0,1,6,6,33,0,0,0,0,0,0,0,0,0,0,0,82,1,,Colorado,College Stats
2,59,WAS,Derrius Guice\GuicDe00,RB,21,2019,0,0,0,2,2,5,0,0,0,0,0,42,245,2,7,79,1,,,,LSU,College Stats
2,60,PIT,James Washington\WashJa00,WR,22,2020,0,0,1,8,8,32,0,0,0,0,0,0,0,0,70,1044,5,1,,,Oklahoma St.,College Stats
2,61,JAX,DJ Chark\CharDJ00,WR,21,2020,0,1,1,8,8,28,0,0,0,0,0,2,20,0,94,1291,9,5,,,LSU,College Stats
2,62,MIN,Brian O'Neill\ONeiBr00,T,22,2020,0,0,2,15,15,33,0,0,0,0,0,0,0,0,0,0,0,,,,Pittsburgh,College Stats
2,63,TAM,Carlton Davis\DaviCa02,CB,21,2020,0,0,2,9,9,30,0,0,0,0,0,0,0,0,0,0,0,99,2,,Auburn,College Stats
2,64,IND,Tyquan Lewis\LewiTy00,DE,23,2020,0,0,0,4,4,20,0,0,0,0,0,0,0,0,0,0,0,13,,3.0,Ohio St.,College Stats
3,65,OAK,Brandon Parker\ParkBr01,T,22,2020,0,0,1,7,7,28,0,0,0,0,0,0,0,0,0,0,0,,,,North Carolina A&T,
3,66,NYG,Lorenzo Carter\CartLo01,DE,22,2020,0,0,1,7,7,33,0,0,0,0,0,0,0,0,0,0,0,65,,9.5,Georgia,College Stats
3,67,CLE,Chad Thomas\ThomCh06,DE,22,2019,0,0,0,5,5,20,0,0,0,0,0,0,0,0,0,0,0,17,,4.0,Miami (FL),College Stats
3,68,HOU,Justin Reid\ReidJu00,S,21,2020,0,0,2,11,11,34,0,0,0,0,0,0,0,0,0,0,0,144,5,,Stanford,College Stats
3,69,NYG,B.J. Hill\HillB.00,DT,23,2020,0,0,2,9,9,35,0,0,0,0,0,0,0,0,0,0,0,51,,7.5,North Carolina St.,College Stats
3,70,SFO,Fred Warner\WarnFr00,OLB,21,2020,0,0,2,16,16,35,0,0,0,0,0,0,0,0,0,0,0,190,2,3.0,BYU,College Stats
3,71,DEN,Royce Freeman\FreeRo00,RB,22,2020,0,0,0,8,8,33,0,0,0,0,0,268,1041,8,60,371,1,,,,Oregon,College Stats
3,72,NYJ,Nathan Shepherd\ShepNa00,DT,24,2020,0,0,0,6,6,28,0,0,0,0,0,0,0,0,0,0,0,11,,2.0,Fort Hays St.,
3,73,MIA,Jerome Baker\BakeJe00,OLB,21,2020,0,0,2,12,12,35,0,0,0,0,0,0,0,0,0,0,0,149,2,5.5,Ohio St.,College Stats
3,74,WAS,Geron Christian\ChriGe01,T,21,2020,0,0,0,2,2,21,0,0,0,0,0,0,0,0,0,0,0,,,,Louisville,College Stats
3,75,KAN,Derrick Nnadi\NnadDe00,DT,22,2020,0,0,2,11,11,34,0,0,0,0,0,0,0,0,0,0,0,37,1,1.0,Florida St.,College Stats
3,76,PIT,Mason Rudolph\RudoMa00,QB,23,2019,0,0,1,3,3,10,176,283,1765,13,9,21,42,0,0,0,0,,,,Oklahoma St.,College Stats
3,77,CIN,Sam Hubbard\HubbSa00,DE,23,2020,0,0,1,10,10,34,0,0,0,0,0,0,0,0,0,0,0,81,,15.5,Ohio St.,College Stats
3,78,CIN,Malik Jefferson\JeffMa00,OLB,21,2020,0,0,0,2,1,22,0,0,0,0,0,0,0,0,0,0,0,6,,,Texas,College Stats
3,79,SEA,Rasheem Green\GreeRa01,DT,21,2020,0,0,1,5,5,27,0,0,0,0,0,0,0,0,0,0,0,23,,5.0,USC,College Stats
3,80,HOU,Martinas Rankin\RankMa00,T,23,2019,0,0,0,6,3,22,0,0,0,0,0,0,0,0,0,0,0,,,,Mississippi St.,College Stats
3,81,DAL,Michael Gallup\GallMi00,WR,22,2020,0,0,2,13,13,33,0,0,0,0,0,0,0,0,110,1860,9,,,,Colorado St.,College Stats
3,82,DET,Tracy Walker\WalkTr01,S,23,2020,0,0,1,5,5,32,0,0,0,0,0,0,0,0,0,0,0,119,2,,Louisiana,College Stats
3,83,BAL,Orlando Brown Jr.\BrowOr00,T,22,2020,0,1,2,20,20,34,0,0,0,0,0,0,0,0,0,0,0,,,,Oklahoma,College Stats
3,84,LAC,Justin Jones\JoneJu03,DT,23,2020,0,0,1,6,6,29,0,0,0,0,0,0,0,0,0,0,0,27,,0.5,North Carolina St.,College Stats
3,85,CAR,Rashaan Gaulden\GaulRa00,CB,23,2019,0,0,0,1,1,25,0,0,0,0,0,0,0,0,0,0,0,14,,,Tennessee,College Stats
3,86,BAL,Mark Andrews\AndrMa00,TE,22,2020,0,1,0,17,17,33,0,0,0,0,0,0,0,0,104,1491,15,,,,Oklahoma,College Stats
3,87,OAK,Arden Key\KeyxAr00,DE,22,2020,0,0,1,5,5,26,0,0,0,0,0,0,0,0,0,0,0,24,,3.0,LSU,College Stats
3,88,GNB,Oren Burks\BurkOr00,ILB,23,2020,0,0,0,4,4,29,0,0,0,0,0,0,0,0,0,0,0,29,,,Vanderbilt,College Stats
3,89,LAR,Joseph Noteboom\NoteJo00,T,23,2020,0,0,0,5,5,24,0,0,0,0,0,0,0,0,0,0,0,,,,TCU,College Stats
3,90,ATL,Deadrin Senat\SenaDe00,DT,24,2020,0,0,0,2,2,19,0,0,0,0,0,0,0,0,0,0,0,17,,,South Florida,College Stats
3,91,NOR,Tre'Quan Smith\SmitTr03,WR,22,2020,0,0,2,7,7,29,0,0,0,0,0,0,0,0,56,793,10,,,,Central Florida,College Stats
3,92,PIT,Chukwuma Okorafor\OkorCh00,T,21,2020,0,0,0,2,2,17,0,0,0,0,0,0,0,0,0,0,0,,,,West. Michigan,College Stats
3,93,JAX,Ronnie Harrison\HarrRo02,S,21,2020,0,0,2,9,9,31,0,0,0,0,0,0,0,0,0,0,0,71,3,3.0,Alabama,College Stats
3,94,TAM,Alex Cappa\CappAl00,T,23,2020,0,0,1,6,6,22,0,0,0,0,0,0,0,0,0,0,0,,,,Humboldt St.,
3,95,SFO,Tarvarius Moore\MoorTa00,S,22,2020,0,0,0,3,3,35,0,0,0,0,0,0,0,0,0,0,0,40,,,Southern Miss,College Stats
3,96,BUF,Harrison Phillips\PhilHa00,DT,22,2020,0,0,0,2,2,22,0,0,0,0,0,0,0,0,0,0,0,23,,0.5,Stanford,College Stats
3,97,ARI,Mason Cole\ColeMa02,C,22,2020,0,0,1,6,6,33,0,0,0,0,0,0,0,0,0,0,0,,,,Michigan,College Stats
3,98,HOU,Jordan Akins\AkinJo00,TE,26,2020,0,0,1,6,6,35,0,0,0,0,0,0,0,0,64,765,3,,,,Central Florida,College Stats
3,99,DEN,Isaac Yiadom\YiadIs00,CB,22,2020,0,0,1,5,5,32,0,0,0,0,0,0,0,0,0,0,0,55,1,,Boston Col.,College Stats
3,100,KAN,Dorian O'Daniel\ODanDo00,OLB,24,2020,0,0,0,3,3,32,0,0,0,0,0,0,0,0,0,0,0,30,,1.0,Clemson,College Stats
4,101,CAR,Ian Thomas\ThomIa00,TE,22,2020,0,0,0,4,4,35,0,0,0,0,0,0,0,0,55,494,3,1,,,Indiana,College Stats
4,102,MIN,Jalyn Holmes\HolmJa01,DE,22,2020,0,0,0,1,1,14,0,0,0,0,0,0,0,0,0,0,0,11,,1.0,Ohio St.,College Stats
4,103,HOU,Keke Coutee\CoutKe00,WR,21,2020,0,0,0,5,5,16,0,0,0,0,0,5,14,1,52,552,1,,,,Texas Tech,College Stats
4,104,IND,Nyheim Hines\HineNy00,RB,21,2020,0,0,0,12,12,35,0,0,0,0,0,151,562,5,120,834,3,1,,,North Carolina St.,College Stats
4,105,CLE,Antonio Callaway\CallAn00,WR,21,2019,0,0,1,5,5,20,0,0,0,0,0,2,7,0,51,675,5,,,,Florida,College Stats
4,106,DEN,Josey Jewell\JeweJo00,ILB,23,2020,0,0,1,8,8,34,0,0,0,0,0,0,0,0,0,0,0,72,,1.5,Iowa,College Stats
4,107,NYJ,Chris Herndon\HernCh00,TE,22,2020,0,0,1,4,4,20,0,0,0,0,0,0,0,0,50,572,4,,,,Miami (FL),College Stats
4,108,NYG,Kyle Lauletta\LaulKy00,QB,23,2018,0,0,0,0,0,2,0,5,0,0,1,1,-2,0,0,0,0,,,,Richmond,
4,109,WAS,Troy Apke\ApkeTr00,S,23,2020,0,0,0,1,1,20,0,0,0,0,0,0,0,0,0,0,0,32,1,,Penn St.,College Stats
4,110,OAK,Nick Nelson\NelsNi00,CB,21,2019,0,0,0,1,1,12,0,0,0,0,0,0,0,0,0,0,0,10,,,Wisconsin,College Stats
4,111,LAR,Brian Allen\AlleBr02,C,22,2019,0,0,1,5,5,22,0,0,0,0,0,0,0,0,0,0,0,,,,Michigan St.,College Stats
4,112,CIN,Mark Walton\WaltMa00,RB,21,2019,0,0,0,3,1,21,0,0,0,0,0,67,235,0,20,130,0,4,,,Miami (FL),College Stats
4,113,DEN,DaeSean Hamilton\HamiDa01,WR,23,2020,0,0,0,4,4,33,0,0,0,0,0,0,0,0,60,563,3,,,,Penn St.,College Stats
4,114,DET,Da'Shawn Hand\HandDa00,DE,22,2020,0,0,1,6,6,19,0,0,0,0,0,0,0,0,0,0,0,30,,3.0,Alabama,College Stats
4,115,CHI,Joel Iyiegbuniwe\IyieJo00,LB,22,2020,0,0,0,2,2,34,0,0,0,0,0,0,0,0,0,0,0,13,,,Western Kentucky,College Stats
4,116,DAL,Dorance Armstrong Jr.\ArmsDo00,DE,21,2020,0,0,0,4,4,33,0,0,0,0,0,0,0,0,0,0,0,22,,2.5,Kansas,College Stats
4,117,TAM,Jordan Whitehead\WhitJo03,S,21,2020,0,0,2,8,8,32,0,0,0,0,0,0,0,0,0,0,0,123,2,1.0,Pittsburgh,College Stats
4,118,BAL,Anthony Averett\AverAn00,CB,23,2020,0,0,0,2,2,22,0,0,0,0,0,0,0,0,0,0,0,23,,,Alabama,College Stats
4,119,LAC,Kyzir White\WhitKy00,S,22,2020,0,0,0,6,6,22,0,0,0,0,0,0,0,0,0,0,0,51,2,,West Virginia,College Stats
4,120,SEA,Will Dissly\DissWi00,TE,22,2020,0,0,1,4,4,13,0,0,0,0,0,1,7,0,36,440,6,1,,,Washington,College Stats
4,121,BUF,Taron Johnson\JohnTa01,CB,22,2020,0,0,1,5,5,26,0,0,0,0,0,0,0,0,0,0,0,90,1,2.0,Weber St.,
4,122,BAL,Kenny Young\YounKe03,LB,23,2020,0,0,0,7,6,33,0,0,0,0,0,0,0,0,0,0,0,60,,2.5,UCLA,College Stats
4,123,MIA,Durham Smythe\SmytDu00,TE,22,2020,0,0,1,0,0,34,0,0,0,0,0,0,0,0,14,122,0,6,,,Notre Dame,College Stats
4,124,KAN,Armani Watts\WattAr00,S,22,2020,0,0,0,1,1,23,0,0,0,0,0,0,0,0,0,0,0,16,,2.0,Texas A&M,College Stats
4,125,PHI,Avonte Maddox\MaddAv00,CB,22,2020,0,0,0,7,7,28,0,0,0,0,0,0,0,0,0,0,0,85,2,1.5,Pittsburgh,College Stats
4,126,ATL,Ito Smith\SmitIt00,RB,22,2020,0,0,0,4,4,24,0,0,0,0,0,118,445,5,41,241,0,,,,Southern Miss,College Stats
4,127,NOR,Rick Leonard\LeonRi00,T,21,,0,0,0,,,,,,,,,,,,,,,,,,Florida St.,College Stats
4,128,SFO,Kentavius Street\StreKe00,DT,21,2020,0,0,0,0,0,5,0,0,0,0,0,0,0,0,0,0,0,4,,,North Carolina St.,College Stats
4,129,JAX,Will Richardson\RichWi01,T,22,2020,0,0,0,2,2,18,0,0,0,0,0,0,0,0,0,0,0,,,,North Carolina St.,College Stats
4,130,PHI,Josh Sweat\SweaJo00,DE,21,2020,0,0,0,3,3,28,0,0,0,0,0,0,0,0,0,0,0,22,,6.0,Florida St.,College Stats
4,131,MIA,Kalen Ballage\BallKa00,RB,22,2020,0,0,1,3,3,26,0,0,0,0,0,113,339,4,30,175,0,3,,,Arizona St.,College Stats
4,132,BAL,Jaleel Scott\ScotJa02,WR,23,2019,0,0,0,0,0,3,0,0,0,0,0,0,0,0,1,6,0,,,,New Mexico St.,College Stats
4,133,GNB,J'Mon Moore\MoorJM00,WR,23,2018,0,0,0,0,0,12,0,0,0,0,0,0,0,0,2,15,0,2,,,Missouri,College Stats
4,134,ARI,Chase Edmonds\EdmoCh00,RB,22,2020,0,0,0,5,5,32,0,0,0,0,0,132,554,6,40,257,2,11,,,Fordham,
4,135,LAR,John Franklin-Myers\FranJo02,DE,21,2020,0,0,0,1,1,18,0,0,0,0,0,0,0,0,0,0,0,7,,2.0,S.F. Austin,
4,136,CAR,Marquis Haynes\HaynMa01,OLB,24,2020,0,0,0,1,1,18,0,0,0,0,0,0,0,0,0,0,0,8,,2.0,Mississippi,College Stats
4,137,DAL,Dalton Schultz\SchuDa00,TE,22,2020,0,0,0,1,1,30,0,0,0,0,0,0,0,0,27,269,1,1,,,Stanford,College Stats
5,138,GNB,Cole Madison\MadiCo01,G,23,,0,0,0,,,,,,,,,,,,,,,,,,Washington St.,College Stats
5,139,NYG,R.J. McIntosh\McInR.00,DT,22,2019,0,0,0,2,2,18,0,0,0,0,0,0,0,0,0,0,0,10,,2.0,Miami (FL),College Stats
5,140,OAK,Maurice Hurst Jr.\HursMa00,DT,23,2020,0,0,1,8,8,32,0,0,0,0,0,0,0,0,0,0,0,44,1,8.0,Michigan,College Stats
5,141,SEA,Shaquem Griffin\GrifSh01,OLB,23,2020,0,0,0,3,3,33,0,0,0,0,0,0,0,0,0,0,0,11,,,Central Florida,College Stats
5,142,SFO,D.J. Reed\ReedD.00,CB,21,2019,0,0,0,2,2,31,0,0,0,0,0,0,0,0,0,0,0,41,,1.0,Kansas St.,College Stats
5,143,NWE,Ja'Whaun Bentley\BentJa00,ILB,22,2020,0,0,0,6,6,22,0,0,0,0,0,0,0,0,0,0,0,46,1,,Purdue,College Stats
5,144,TAM,Justin Watson\WatsJu01,WR,23,2020,0,0,0,1,1,30,0,0,0,0,0,0,0,0,19,218,2,12,,,Pennsylvania,
5,145,CHI,Bilal Nichols\NichBi00,DT,21,2020,0,0,1,11,11,30,0,0,0,0,0,0,0,0,0,0,0,37,,3.0,Delaware,
5,146,SEA,Tre Flowers\FlowTr01,S,23,2020,0,0,2,12,12,33,0,0,0,0,0,0,0,0,0,0,0,125,3,2.0,Oklahoma St.,College Stats
5,147,LAR,Micah Kiser\KiseMi00,ILB,23,2020,0,0,0,1,1,19,0,0,0,0,0,0,0,0,0,0,0,19,,,Virginia,College Stats
5,148,PIT,Marcus Allen\AlleMa03,S,22,2020,0,0,0,0,0,6,0,0,0,0,0,0,0,0,0,0,0,3,,,Penn St.,College Stats
5,149,SEA,Michael Dickson\DickMi00,P,22,2020,1,1,0,5,5,35,0,0,0,0,0,1,9,0,0,0,0,,,,Texas,College Stats
5,150,CLE,Genard Avery\AverGe00,LB,23,2020,0,0,1,5,4,28,0,0,0,0,0,0,0,0,0,0,0,34,,5.5,Memphis,College Stats
5,151,CIN,Davontae Harris\HarrDa05,CB,23,2020,0,0,0,3,0,21,0,0,0,0,0,0,0,0,0,0,0,31,,,Illinois St.,
5,152,TEN,Dane Cruikshank\CruiDa00,CB,23,2019,0,0,0,2,2,28,0,0,0,0,0,0,0,0,1,66,1,16,,,Arizona,College Stats
5,153,DET,Tyrell Crosby\CrosTy00,T,23,2020,0,0,0,4,4,29,0,0,0,0,0,0,0,0,0,0,0,,,,Oregon,College Stats
5,154,BUF,Siran Neal\NealSi00,CB,24,2020,0,0,0,2,2,34,0,0,0,0,0,0,0,0,0,0,0,39,,1.0,Jacksonville St.,
5,155,LAC,Scott Quessenberry\QuesSc00,C,23,2020,0,0,1,6,6,34,0,0,0,0,0,0,0,0,0,0,0,,,,UCLA,College Stats
5,156,DEN,Troy Fumagalli\FumaTr00,TE,23,2019,0,0,0,0,0,11,0,0,0,0,0,0,0,0,6,38,1,1,,,Wisconsin,College Stats
5,157,MIN,Tyler Conklin\ConkTy00,TE,23,2020,0,0,0,2,2,34,0,0,0,0,0,0,0,0,13,135,0,2,,,Central Michigan,College Stats
5,158,CIN,Andrew Brown\BrowAn05,DE,22,2020,0,0,0,2,2,16,0,0,0,0,0,0,0,0,0,0,0,10,,,Virginia,College Stats
5,159,IND,Daurice Fountain\FounDa00,WR,22,2020,0,0,0,0,0,3,0,0,0,0,0,0,0,0,2,23,0,,,,Northern Iowa,
5,160,LAR,Ogbonnia Okoronkwo\OkorOg00,DE,23,2020,0,0,0,1,1,13,0,0,0,0,0,0,0,0,0,0,0,7,,1.5,Oklahoma,College Stats
5,161,CAR,Jermaine Carter Jr.\CartJe00,LB,23,2020,0,0,1,4,4,35,0,0,0,0,0,0,0,0,0,0,0,29,,0.5,Maryland,College Stats
5,162,BAL,Jordan Lasley\LaslJo00,WR,21,,0,0,0,,,,,,,,,,,,,,,,,,UCLA,College Stats
5,163,WAS,Tim Settle\SettTi00,DT,21,2020,0,0,0,3,3,34,0,0,0,0,0,0,0,0,0,0,0,19,,2.0,Virginia Tech,College Stats
5,164,NOR,Natrell Jamerson\JameNa00,S,22,2019,0,0,0,1,,17,0,0,0,0,0,0,0,0,0,0,0,11,,,Wisconsin,College Stats
5,165,PIT,Jaylen Samuels\SamuJa00,TE,22,2020,0,0,0,6,6,31,4,5,35,0,1,124,434,1,75,509,4,,,,North Carolina St.,College Stats
5,166,BUF,Wyatt Teller\TellWy00,G,23,2020,0,0,1,6,2,26,0,0,0,0,0,0,0,0,1,-5,0,,,,Virginia Tech,College Stats
5,167,MIN,Daniel Carlson\CarlDa00,K,23,2020,0,0,0,4,-1,31,0,0,0,0,0,0,0,0,0,0,0,2,,,Auburn,College Stats
5,168,SEA,Jamarco Jones\JoneJa08,T,22,2020,0,0,0,3,3,17,0,0,0,0,0,0,0,0,0,0,0,,,,Ohio St.,College Stats
5,169,IND,Jordan Wilkins\WilkJo01,RB,24,2020,0,0,0,5,5,33,0,0,0,0,0,129,722,3,24,134,0,1,,,Mississippi,College Stats
5,170,CIN,Darius Phillips\PhilDa02,CB,23,2020,0,0,0,3,3,26,0,0,0,0,0,0,0,0,0,0,0,28,4,,West. Michigan,College Stats
5,171,DAL,Mike White\WhitMi01,QB,23,,0,0,0,,,,,,,,,,,,,,,,,,Western Kentucky,College Stats
5,172,GNB,JK Scott\ScotJK00,P,21,2020,0,0,0,4,4,35,0,1,0,0,0,0,0,0,0,0,0,2,,,Alabama,College Stats
5,173,OAK,Johnny Townsend\TownJo01,P,23,2018,0,0,0,2,2,16,0,0,0,0,0,1,42,0,0,0,0,,,,Florida,College Stats
5,174,GNB,Marquez Valdes-Scantling\ValdMa00,WR,23,2020,0,0,2,8,8,35,0,0,0,0,0,4,38,0,72,1198,5,2,,,South Florida,College Stats
6,175,CLE,Damion Ratley\RatlDa00,WR,23,2020,0,0,0,3,3,29,0,0,0,0,0,0,0,0,26,373,1,1,,,Texas A&M,College Stats
6,176,LAR,John Kelly\KellJo00,RB,21,2019,0,0,0,1,1,8,0,0,0,0,0,30,83,0,2,27,0,,,,Tennessee,College Stats
6,177,HOU,Duke Ejiofor\EjioDu00,DE,23,2018,0,0,0,1,1,12,0,0,0,0,0,0,0,0,0,0,0,6,,1.0,Wake Forest,College Stats
6,178,NWE,Christian Sam\SamxCh00,ILB,22,,0,0,0,,,,,,,,,,,,,,,,,,Arizona St.,College Stats
6,179,NYJ,Parry Nickerson\NickPa00,CB,23,2019,0,0,0,1,1,20,0,0,0,0,0,0,0,0,0,0,0,22,,,Tulane,College Stats
6,180,NYJ,Folorunso Fatukasi\FatuFo00,DT,23,2020,0,0,0,2,2,18,0,0,0,0,0,0,0,0,0,0,0,16,,1.0,Connecticut,College Stats
6,181,CHI,Kylie Fitts\FittKy00,DE,23,2020,0,0,0,0,0,12,0,0,0,0,0,0,0,0,0,0,0,2,,,Utah,College Stats
6,182,ARI,Christian Campbell\CampCh01,CB,22,,0,0,0,,,,,,,,,,,,,,,,,,Penn St.,College Stats
6,183,DEN,Sam Jones\JoneSa00,G,22,2018,0,0,0,0,0,5,0,0,0,0,0,0,0,0,0,0,0,,,,Arizona St.,College Stats
6,184,SFO,Marcell Harris\HarrMa03,S,24,2020,0,0,0,4,4,24,0,0,0,0,0,0,0,0,0,0,0,51,,,Florida,College Stats
6,185,IND,Deon Cain\CainDe00,WR,22,2019,0,0,0,1,0,13,0,0,0,0,0,0,0,0,9,124,0,,,,Clemson,College Stats
6,186,SEA,Jacob Martin\MartJa02,LB,22,2020,0,0,0,3,2,33,0,0,0,0,0,0,0,0,0,0,0,17,,7.5,Temple,College Stats
6,187,BUF,Ray-Ray McCloud\McClRa00,WR,21,2020,0,0,0,0,0,19,0,0,0,0,0,2,4,0,5,36,0,,,,Clemson,College Stats
6,188,CLE,Simeon Thomas\ThomSi00,CB,24,2019,0,0,0,1,,12,0,0,0,0,0,0,0,0,0,0,0,5,,,Louisiana,College Stats
6,189,NOR,Kamrin Moore\MoorKa01,CB,21,2018,0,0,0,0,,2,0,0,0,0,0,0,0,0,0,0,0,,,,Boston Col.,College Stats
6,190,BAL,DeShon Elliott\ElliDe02,S,21,2020,0,0,0,0,0,8,0,0,0,0,0,0,0,0,0,0,0,12,,1.0,Texas,College Stats
6,191,LAC,Dylan Cantrell\CantDy00,WR,24,,0,0,0,,,,,,,,,,,,,,,,,,Texas Tech,College Stats
6,192,LAR,Jamil Demby\DembJa00,T,22,2019,0,0,0,1,1,6,0,0,0,0,0,0,0,0,0,0,0,,,,Maine,
6,193,DAL,Chris Covington\CoviCh01,LB,22,2019,0,0,0,0,0,8,0,0,0,0,0,0,0,0,0,0,0,3,,,Indiana,College Stats
6,194,ATL,Russell Gage\GageRu00,WR,22,2020,0,0,0,5,5,34,0,1,0,0,0,4,12,0,72,695,2,8,,,LSU,College Stats
6,195,LAR,Sebastian Joseph\JoseSe00,DT,23,2020,0,0,0,6,6,19,0,0,0,0,0,0,0,0,0,0,0,33,,2.0,Rutgers,College Stats
6,196,KAN,Tremon Smith\SmitTr04,WR,22,2020,0,0,0,1,1,23,0,0,0,0,0,0,0,0,0,0,0,6,,,Central Arkansas,
6,197,WAS,Shaun Dion Hamilton\DionSh00,LB,22,2020,0,0,0,5,5,35,0,0,0,0,0,0,0,0,0,0,0,62,1,2.5,Alabama,College Stats
6,198,KAN,Kahlil McKenzie\McKeKa00,DT,21,2020,0,0,0,0,,1,0,0,0,0,0,0,0,0,0,0,0,,,,Tennessee,College Stats
6,199,TEN,Luke Falk\FalkLu00,QB,23,2019,0,0,0,1,,3,47,73,416,0,3,0,0,0,0,0,0,,,,Washington St.,College Stats
6,200,ATL,Foyesade Oluokun\OluoFo00,S,23,2020,0,0,0,7,7,34,0,0,0,0,0,0,0,0,0,0,0,101,,,Yale,
6,201,NOR,Boston Scott\ScotBo02,RB,23,2020,0,0,0,3,,16,0,0,0,0,0,77,304,5,29,247,0,,,,Louisiana Tech,College Stats
6,202,TAM,Jack Cichy\CichJa00,ILB,22,2020,0,0,0,0,0,13,0,0,0,0,0,0,0,0,0,0,0,3,,,Wisconsin,College Stats
6,203,JAX,Tanner Lee\LeexTa00,QB,23,,0,0,0,,,,,,,,,,,,,,,,,,Nebraska,College Stats
6,204,NYJ,Trenton Cannon\CannTr00,RB,24,2020,0,0,0,2,2,22,0,0,0,0,0,38,113,1,17,144,0,10,,,Virginia St.,
6,205,LAR,Trevon Young\YounTr00,DE,23,2018,0,0,0,0,0,2,0,0,0,0,0,0,0,0,0,0,0,,,,Louisville,College Stats
6,206,PHI,Matt Pryor\PryoMa00,T,23,2020,0,0,0,1,1,15,0,0,0,0,0,0,0,0,0,0,0,,,,TCU,College Stats
6,207,GNB,Equanimeous St. Brown\St.BEq00,WR,21,2018,0,0,1,2,2,12,0,0,0,0,0,1,5,0,21,328,0,,,,Notre Dame,College Stats
6,208,DAL,Cedrick Wilson\WilsCe01,WR,22,2020,0,0,0,0,0,9,0,0,0,0,0,0,0,0,10,153,2,,,,Boise St.,College Stats
6,209,MIA,Cornell Armstrong\ArmsCo00,CB,22,2019,0,0,0,1,1,20,0,0,0,0,0,0,0,0,0,0,0,11,,,Southern Miss,College Stats
6,210,NWE,Braxton Berrios\BerrBr00,WR,22,2020,0,0,0,1,,19,0,0,0,0,0,0,0,0,16,238,2,1,,,Miami (FL),College Stats
6,211,HOU,Jordan Thomas\ThomJo05,TE,22,2020,0,0,1,2,2,23,0,0,0,0,0,0,0,0,21,223,4,,,,Mississippi St.,College Stats
6,212,BAL,Greg Senat\SenaGr00,T,23,,0,0,0,,,,,,,,,,,,,,,,,,Wagner,
6,213,MIN,Colby Gossett\GossCo00,G,23,2018,0,0,0,1,,5,0,0,0,0,0,0,0,0,0,0,0,,,,Appalachian St.,College Stats
6,214,HOU,Peter Kalambayi\KalaPe00,LB,23,2020,0,0,0,2,2,32,0,0,0,0,0,0,0,0,0,0,0,17,,,Stanford,College Stats
6,215,BAL,Bradley Bozeman\BozeBr00,C,23,2020,0,0,1,11,11,32,0,0,0,0,0,0,0,0,0,0,0,,,,Alabama,College Stats
6,216,OAK,Azeem Victor\VictAz00,LB,22,,0,0,0,,,,,,,,,,,,,,,,,,Washington,College Stats
6,217,DEN,Keishawn Bierria\BierKe00,ILB,23,2019,0,0,0,1,1,21,0,0,0,0,0,0,0,0,0,0,0,3,,,Washington,College Stats
6,218,MIN,Ade Aruna\ArunAd00,DE,24,,0,0,0,,,,,,,,,,,,,,,,,,Tulane,College Stats
7,219,NWE,Danny Etling\EtliDa00,QB,24,,0,0,0,,,,,,,,,,,,,,,,,,LSU,College Stats
7,220,SEA,Alex McGough\McGoAl00,QB,22,,0,0,0,,,,,,,,,,,,,,,,,,Florida International,College Stats
7,221,IND,Matthew Adams\AdamMa00,LB,22,2020,0,0,1,6,6,34,0,0,0,0,0,0,0,0,0,0,0,32,,,Houston,College Stats
7,222,HOU,Jermaine Kelly\KellJe01,CB,23,,0,0,0,,,,,,,,,,,,,,,,,,San Jose St.,College Stats
7,223,SFO,Jullian Taylor\TaylJu00,DT,23,2019,0,0,0,1,1,12,0,0,0,0,0,0,0,0,0,0,0,11,,,Temple,College Stats
7,224,CHI,Javon Wims\WimsJa00,WR,23,2020,0,0,0,1,1,23,0,0,0,0,0,0,0,0,25,236,2,,,,Georgia,College Stats
7,225,MIN,Devante Downs\DownDe00,LB,22,2020,0,0,0,1,1,23,0,0,0,0,0,0,0,0,0,0,0,4,,,California,College Stats
7,226,DEN,David Williams\WillDa010,RB,24,,0,0,0,,,,,,,,,,,,,,,,,,Arkansas,College Stats
7,227,MIA,Quentin Poling\PoliQu00,LB,24,2019,0,0,0,0,,1,0,0,0,0,0,0,0,0,0,0,0,,,,Ohio,College Stats
7,228,OAK,Marcell Ateman\AtemMa00,WR,23,2019,0,0,0,2,2,18,0,0,0,0,0,0,0,0,20,270,1,,,,Oklahoma St.,College Stats
7,229,MIA,Jason Sanders\SandJa00,K,22,2020,0,0,0,6,6,35,0,0,0,0,0,0,0,0,1,1,1,1,,,New Mexico,College Stats
7,230,JAX,Leon Jacobs\JacoLe00,OLB,22,2020,0,0,1,8,8,29,0,0,0,0,0,0,0,0,0,0,0,50,,2.0,Wisconsin,College Stats
7,231,LAR,Travin Howard\HowaTr00,OLB,22,2019,0,0,0,1,1,16,0,0,0,0,0,0,0,0,0,0,0,19,,,TCU,College Stats
7,232,GNB,James Looney\LoonJa00,DE,23,2018,0,0,0,0,0,3,0,0,0,0,0,0,0,0,0,0,0,,,,California,College Stats
7,233,PHI,Jordan Mailata\MailJo00,T,21,2020,0,0,0,0,0,3,0,0,0,0,0,0,0,0,0,0,0,,,,,
7,234,CAR,Andre Smith\SmitAn04,ILB,21,2020,0,0,0,1,1,20,0,0,0,0,0,0,0,0,0,0,0,6,,,North Carolina,College Stats
7,235,IND,Zaire Franklin\FranZa00,LB,22,2020,0,0,0,3,3,35,0,0,0,0,0,0,0,0,0,0,0,21,,,Syracuse,College Stats
7,236,DAL,Bo Scarbrough\ScarBo01,RB,21,2019,0,0,0,2,,6,0,0,0,0,0,89,377,1,1,5,0,,,,Alabama,College Stats
7,237,DET,Nick Bawden\BawdNi00,RB,22,2019,0,0,0,0,0,10,0,0,0,0,0,0,0,0,4,17,0,1,,,San Diego St.,College Stats
7,238,BAL,Zach Sieler\SielZa00,DE,23,2020,0,0,0,1,0,12,0,0,0,0,0,0,0,0,0,0,0,8,,1.5,Ferris St.,
7,239,GNB,Hunter Bradley\BradHu00,LS,24,2020,0,0,0,2,2,35,0,0,0,0,0,0,0,0,0,0,0,1,,,Mississippi St.,College Stats
7,240,SFO,Richie James\JameRi00,WR,23,2020,0,0,0,4,4,30,0,0,0,0,0,2,-1,0,15,295,2,1,,,Middle Tenn. St.,College Stats
7,241,WAS,Greg Stroman\StroGr00,CB,22,2020,0,0,0,2,2,19,0,0,0,0,0,0,0,0,0,0,0,31,1,,Virginia Tech,College Stats
7,242,CAR,Kendrick Norton\NortKe01,DT,21,,0,0,0,,,,,,,,,,,,,,,,,,Miami (FL),College Stats
7,243,NWE,Keion Crossen\CrosKe00,CB,22,2020,0,0,0,2,1,30,0,0,0,0,0,0,0,0,0,0,0,26,,,West. Carolina,
7,244,LAR,Justin Lawler\LawlJu00,DE,23,2018,0,0,0,1,1,16,0,0,0,0,0,0,0,0,0,0,0,4,,,SMU,College Stats
7,245,NOR,Will Clapp\ClapWi00,C,22,2020,0,0,0,3,3,18,0,0,0,0,0,0,0,0,0,0,0,,,,LSU,College Stats
7,246,PIT,Joshua Frazier\FrazJo00,DT,22,,0,0,0,,,,,,,,,,,,,,,,,,Alabama,College Stats
7,247,JAX,Logan Cooke\CookLo00,P,23,2020,0,0,0,5,5,35,3,3,20,0,0,0,0,0,0,0,0,1,,,Mississippi St.,College Stats
7,248,GNB,Kendall Donnerson\DonnKe00,OLB,22,,0,0,0,,,,,,,,,,,,,,,,,,SE Missouri St.,
7,249,CIN,Logan Woodside\WoodLo00,QB,23,,0,0,0,,,,,,,,,,,,,,,,,,Toledo,College Stats
7,250,NWE,Ryan Izzo\IzzoRy00,TE,22,2020,0,0,0,1,1,9,0,0,0,0,0,0,0,0,9,158,1,,,,Florida St.,College Stats
7,251,LAC,Justin Jackson\JackJu01,RB,23,2020,0,0,0,4,4,21,0,0,0,0,0,81,410,2,24,157,0,,,,Northwestern,College Stats
7,252,CIN,Rod Taylor\TaylRo01,G,23,,0,0,0,,,,,,,,,,,,,,,,,,Mississippi,College Stats
7,253,CIN,Auden Tate\TateAu00,WR,21,2020,0,0,1,4,4,21,0,0,0,0,0,0,0,0,46,639,1,,,,Florida St.,College Stats
7,254,ARI,Korey Cunningham\CunnKo00,T,23,2019,0,0,0,2,2,7,0,0,0,0,0,0,0,0,0,0,0,,,,Cincinnati,College Stats
7,255,BUF,Austin Proehl\ProeAu00,WR,22,,0,0,0,,,,,,,,,,,,,,,,,,North Carolina,College Stats
7,256,WAS,Trey Quinn\QuinTr00,WR,22,2019,0,0,0,2,2,15,0,0,0,0,0,1,0,0,35,273,2,,,,SMU,College Stats